text1,text2,same_actor
Telegram cpanel sell sell rdp rdp citrix cpanel shell access vpn rdp cpanel access vpn the webshell telegram buy sell cpanel rdp for vpn jabber rdp for vpn for webshell vpn webshell vpn access shell rdp webshell...,Access cpanel sell rdp access rdp sell telegram shell contact sell shell cpanel buy shell the citrix cpanel rdp access webshell access access...,1
Access webshell sell rdp vpn rdp and access and vpn citrix sell citrix shell webshell vpn rdp buy shell vpn vpn...,ACCESS CITRIX VPN JABBER ACCESS CITRIX SHELL VPN!!!,1
Cpanel citrix cpanel contact citrix access sell webshell citrix webshell webshell rdp the shell rdp shell vpn shell cpanel rdp webshell shell webshell shell webshell rdp webshell access telegram telegram webshell webshell shell the rdp shell and shell access...,Contact buy webshell for cpanel vpn access rdp vpn access jabber sell vpn cpanel for sell cpanel cpanel shell for access vpn access shell rdp for webshell shell citrix telegram sell rdp and for webshell...,1
Contact buy webshell for cpanel vpn access rdp vpn access jabber sell vpn cpanel for sell cpanel cpanel shell for access vpn access shell rdp for webshell shell citrix telegram sell rdp and for webshell...,Telegram cpanel sell sell rdp rdp citrix cpanel shell access vpn rdp cpanel access vpn the webshell telegram buy sell cpanel rdp for vpn jabber rdp for vpn for webshell vpn webshell vpn access shell rdp webshell...,1
FOR VPN WEBSHELL TELEGRAM SHELL CITRIX THE VPN!!!,Cpanel citrix cpanel contact citrix access sell webshell citrix webshell webshell rdp the shell rdp shell vpn shell cpanel rdp webshell shell webshell shell webshell rdp webshell access telegram telegram webshell webshell shell the rdp shell and shell access...,1
Rat sell malware rat c2 c2 botnet the c2 and c2 stub rat telegram stub telegram sell stub and fud botnet rat c2 sell sell the fud jabber botnet malware the fud rat and buy.,Access webshell sell rdp vpn rdp and access and vpn citrix sell citrix shell webshell vpn rdp buy shell vpn vpn...,1
FOR VPN WEBSHELL TELEGRAM SHELL CITRIX THE VPN!!!,Shell access citrix citrix telegram and sell access cpanel cpanel rdp shell rdp cpanel citrix citrix jabber shell rdp webshell citrix shell and access jabber rdp...,1
Access cpanel sell rdp access rdp sell telegram shell contact sell shell cpanel buy shell the citrix cpanel rdp access webshell access access...,ACCESS CITRIX VPN JABBER ACCESS CITRIX SHELL VPN!!!,1
Access cpanel sell rdp access rdp sell telegram shell contact sell shell cpanel buy shell the citrix cpanel rdp access webshell access access...,Webshell webshell webshell vpn citrix sell vpn access access access vpn rdp vpn citrix webshell vpn contact cpanel vpn access sell...,1
Access webshell sell rdp vpn rdp and access and vpn citrix sell citrix shell webshell vpn rdp buy shell vpn vpn...,ACCESS CITRIX VPN JABBER ACCESS CITRIX SHELL VPN!!!,1
Contact buy webshell for cpanel vpn access rdp vpn access jabber sell vpn cpanel for sell cpanel cpanel shell for access vpn access shell rdp for webshell shell citrix telegram sell rdp and for webshell...,Shell access citrix webshell sell citrix and vpn shell citrix rdp jabber shell access access access rdp cpanel citrix buy webshell shell shell citrix sell for cpanel for shell shell citrix sell jabber webshell vpn...,1
ACCESS CITRIX VPN JABBER ACCESS CITRIX SHELL VPN!!!,Cpanel citrix cpanel contact citrix access sell webshell citrix webshell webshell rdp the shell rdp shell vpn shell cpanel rdp webshell shell webshell shell webshell rdp webshell access telegram telegram webshell webshell shell the rdp shell and shell access...,1
Rat sell malware rat c2 c2 botnet the c2 and c2 stub rat telegram stub telegram sell stub and fud botnet rat c2 sell sell the fud jabber botnet malware the fud rat and buy.,Vpn rdp access jabber webshell webshell and cpanel jabber vpn webshell webshell citrix shell vpn access jabber citrix access sell and cpanel...,1
Vpn rdp access jabber webshell webshell and cpanel jabber vpn webshell webshell citrix shell vpn access jabber citrix access sell and cpanel...,Webshell webshell webshell vpn citrix sell vpn access access access vpn rdp vpn citrix webshell vpn contact cpanel vpn access sell...,1
Shell access citrix webshell sell citrix and vpn shell citrix rdp jabber shell access access access rdp cpanel citrix buy webshell shell shell citrix sell for cpanel for shell shell citrix sell jabber webshell vpn...,ACCESS CITRIX VPN JABBER ACCESS CITRIX SHELL VPN!!!,1
Cpanel citrix cpanel contact citrix access sell webshell citrix webshell webshell rdp the shell rdp shell vpn shell cpanel rdp webshell shell webshell shell webshell rdp webshell access telegram telegram webshell webshell shell the rdp shell and shell access...,Telegram cpanel sell sell rdp rdp citrix cpanel shell access vpn rdp cpanel access vpn the webshell telegram buy sell cpanel rdp for vpn jabber rdp for vpn for webshell vpn webshell vpn access shell rdp webshell...,1
Shell vpn rdp rdp citrix shell webshell vpn buy webshell sell vpn webshell the access contact rdp rdp and contact vpn buy...,Webshell webshell webshell vpn citrix sell vpn access access access vpn rdp vpn citrix webshell vpn contact cpanel vpn access sell...,1
ACCESS CITRIX VPN JABBER ACCESS CITRIX SHELL VPN!!!,Shell access citrix webshell sell citrix and vpn shell citrix rdp jabber shell access access access rdp cpanel citrix buy webshell shell shell citrix sell for cpanel for shell shell citrix sell jabber webshell vpn...,1
FOR VPN WEBSHELL TELEGRAM SHELL CITRIX THE VPN!!!,Telegram cpanel sell sell rdp rdp citrix cpanel shell access vpn rdp cpanel access vpn the webshell telegram buy sell cpanel rdp for vpn jabber rdp for vpn for webshell vpn webshell vpn access shell rdp webshell...,1
Webshell webshell webshell vpn citrix sell vpn access access access vpn rdp vpn citrix webshell vpn contact cpanel vpn access sell...,FOR VPN WEBSHELL TELEGRAM SHELL CITRIX THE VPN!!!,1
FULLZ AND JABBER SELL CONTACT THE TELEGRAM TRACK1 CONTACT TRACK2 CVV TRACK2 FULLZ CREDIT TRACK2 CONTACT FULLZ CONTACT CVV TRACK1 DUMPS FULLZ TRACK1 CVV DUMPS DUMPS BUY TELEGRAM SELL TRACK1 JABBER TELEGRAM CONTACT BUY TRACK1 TRACK2 BUY CONTACT TELEGRAM FULLZ?!,BUY TRACK1 CVV CREDIT FULLZ DUMPS!!!,1
Track1 track1 credit dumps the credit fullz cvv track2 credit cvv dumps track1 credit buy dumps fullz track1 credit jabber cvv track2 track1 track1 track2 contact...,FULLZ AND CREDIT CVV TRACK1 CREDIT TRACK1 TRACK2 FULLZ CVV TRACK1 JABBER FULLZ FULLZ CVV CVV DUMPS TRACK2 CVV SELL TRACK2 DUMPS THE SELL DUMPS FOR FULLZ TRACK2 BUY BUY DUMPS TRACK1 SELL TRACK1 TELEGRAM?!,1
CVV TRACK2 DUMPS TELEGRAM TELEGRAM TRACK2 FOR SELL TELEGRAM CREDIT TELEGRAM TRACK2 CVV TRACK1 CVV TELEGRAM TRACK2 BUY SELL CVV?!,CVV THE TRACK1 THE TRACK2 CVV TRACK1 TRACK2 TELEGRAM TRACK1 CREDIT TRACK1 CVV TRACK1 CREDIT DUMPS FULLZ CVV TRACK2 TRACK1 THE JABBER FULLZ TRACK1 THE DUMPS SELL DUMPS TRACK2 CREDIT?!,1
BUY TRACK1 CVV CREDIT FULLZ DUMPS!!!,Sell cvv and credit credit fullz fullz fullz track1 buy telegram credit the cvv fullz dumps fullz cvv fullz track1 the cvv fullz...,1
FULLZ AND JABBER SELL CONTACT THE TELEGRAM TRACK1 CONTACT TRACK2 CVV TRACK2 FULLZ CREDIT TRACK2 CONTACT FULLZ CONTACT CVV TRACK1 DUMPS FULLZ TRACK1 CVV DUMPS DUMPS BUY TELEGRAM SELL TRACK1 JABBER TELEGRAM CONTACT BUY TRACK1 TRACK2 BUY CONTACT TELEGRAM FULLZ?!,CVV TRACK2 DUMPS TELEGRAM TELEGRAM TRACK2 FOR SELL TELEGRAM CREDIT TELEGRAM TRACK2 CVV TRACK1 CVV TELEGRAM TRACK2 BUY SELL CVV?!,1
BUY TRACK1 CVV CREDIT FULLZ DUMPS!!!,TRACK2 FOR DUMPS FOR CVV DUMPS JABBER CREDIT SELL DUMPS CREDIT TELEGRAM DUMPS TRACK1 TRACK1 DUMPS BUY CVV TRACK1 FULLZ DUMPS DUMPS CREDIT CVV TRACK1 FOR CREDIT TRACK1 CREDIT DUMPS CREDIT DUMPS TRACK1 CONTACT THE TELEGRAM CVV TRACK2 CONTACT CONTACT?!,1
TELEGRAM CVV DUMPS DUMPS AND DUMPS JABBER TRACK1 CREDIT CREDIT SELL DUMPS CREDIT DUMPS TRACK2 TRACK2 TRACK1 FULLZ TRACK1 JABBER TRACK1 CONTACT CVV CVV SELL CONTACT CREDIT?!,CVV THE TRACK1 THE TRACK2 CVV TRACK1 TRACK2 TELEGRAM TRACK1 CREDIT TRACK1 CVV TRACK1 CREDIT DUMPS FULLZ CVV TRACK2 TRACK1 THE JABBER FULLZ TRACK1 THE DUMPS SELL DUMPS TRACK2 CREDIT?!,1
FULLZ AND JABBER SELL CONTACT THE TELEGRAM TRACK1 CONTACT TRACK2 CVV TRACK2 FULLZ CREDIT TRACK2 CONTACT FULLZ CONTACT CVV TRACK1 DUMPS FULLZ TRACK1 CVV DUMPS DUMPS BUY TELEGRAM SELL TRACK1 JABBER TELEGRAM CONTACT BUY TRACK1 TRACK2 BUY CONTACT TELEGRAM FULLZ?!,TELEGRAM CVV DUMPS DUMPS AND DUMPS JABBER TRACK1 CREDIT CREDIT SELL DUMPS CREDIT DUMPS TRACK2 TRACK2 TRACK1 FULLZ TRACK1 JABBER TRACK1 CONTACT CVV CVV SELL CONTACT CREDIT?!,1
CVV TRACK2 DUMPS TELEGRAM TELEGRAM TRACK2 FOR SELL TELEGRAM CREDIT TELEGRAM TRACK2 CVV TRACK1 CVV TELEGRAM TRACK2 BUY SELL CVV?!,TRACK2 FOR DUMPS FOR CVV DUMPS JABBER CREDIT SELL DUMPS CREDIT TELEGRAM DUMPS TRACK1 TRACK1 DUMPS BUY CVV TRACK1 FULLZ DUMPS DUMPS CREDIT CVV TRACK1 FOR CREDIT TRACK1 CREDIT DUMPS CREDIT DUMPS TRACK1 CONTACT THE TELEGRAM CVV TRACK2 CONTACT CONTACT?!,1
Track1 track2 track2 track2 fullz and telegram track2 buy sell track1 buy credit contact the telegram track2 credit cvv track1 cvv and telegram buy track2 track1 track2 fullz...,TRACK2 FOR DUMPS FOR CVV DUMPS JABBER CREDIT SELL DUMPS CREDIT TELEGRAM DUMPS TRACK1 TRACK1 DUMPS BUY CVV TRACK1 FULLZ DUMPS DUMPS CREDIT CVV TRACK1 FOR CREDIT TRACK1 CREDIT DUMPS CREDIT DUMPS TRACK1 CONTACT THE TELEGRAM CVV TRACK2 CONTACT CONTACT?!,1
STUB C2 FOR CRYPTER STUB RAT BOTNET C2 CONTACT BOTNET C2 BOTNET C2 MALWARE STUB THE STUB CRYPTER FOR RAT FUD CRYPTER STUB TELEGRAM?!,FULLZ AND CREDIT CVV TRACK1 CREDIT TRACK1 TRACK2 FULLZ CVV TRACK1 JABBER FULLZ FULLZ CVV CVV DUMPS TRACK2 CVV SELL TRACK2 DUMPS THE SELL DUMPS FOR FULLZ TRACK2 BUY BUY DUMPS TRACK1 SELL TRACK1 TELEGRAM?!,1
Track1 track2 track2 track2 fullz and telegram track2 buy sell track1 buy credit contact the telegram track2 credit cvv track1 cvv and telegram buy track2 track1 track2 fullz...,Track1 track1 credit dumps the credit fullz cvv track2 credit cvv dumps track1 credit buy dumps fullz track1 credit jabber cvv track2 track1 track1 track2 contact...,1
TELEGRAM CVV DUMPS DUMPS AND DUMPS JABBER TRACK1 CREDIT CREDIT SELL DUMPS CREDIT DUMPS TRACK2 TRACK2 TRACK1 FULLZ TRACK1 JABBER TRACK1 CONTACT CVV CVV SELL CONTACT CREDIT?!,FULLZ AND JABBER SELL CONTACT THE TELEGRAM TRACK1 CONTACT TRACK2 CVV TRACK2 FULLZ CREDIT TRACK2 CONTACT FULLZ CONTACT CVV TRACK1 DUMPS FULLZ TRACK1 CVV DUMPS DUMPS BUY TELEGRAM SELL TRACK1 JABBER TELEGRAM CONTACT BUY TRACK1 TRACK2 BUY CONTACT TELEGRAM FULLZ?!,1
STUB C2 FOR CRYPTER STUB RAT BOTNET C2 CONTACT BOTNET C2 BOTNET C2 MALWARE STUB THE STUB CRYPTER FOR RAT FUD CRYPTER STUB TELEGRAM?!,Track1 track1 credit dumps the credit fullz cvv track2 credit cvv dumps track1 credit buy dumps fullz track1 credit jabber cvv track2 track1 track1 track2 contact...,1
CVV TRACK2 DUMPS TELEGRAM TELEGRAM TRACK2 FOR SELL TELEGRAM CREDIT TELEGRAM TRACK2 CVV TRACK1 CVV TELEGRAM TRACK2 BUY SELL CVV?!,Sell cvv and credit credit fullz fullz fullz track1 buy telegram credit the cvv fullz dumps fullz cvv fullz track1 the cvv fullz...,1
Sell cvv and credit credit fullz fullz fullz track1 buy telegram credit the cvv fullz dumps fullz cvv fullz track1 the cvv fullz...,Track1 track1 credit dumps the credit fullz cvv track2 credit cvv dumps track1 credit buy dumps fullz track1 credit jabber cvv track2 track1 track1 track2 contact...,1
Sell cvv and credit credit fullz fullz fullz track1 buy telegram credit the cvv fullz dumps fullz cvv fullz track1 the cvv fullz...,Track1 track1 credit dumps the credit fullz cvv track2 credit cvv dumps track1 credit buy dumps fullz track1 credit jabber cvv track2 track1 track1 track2 contact...,1
STUB C2 FOR CRYPTER STUB RAT BOTNET C2 CONTACT BOTNET C2 BOTNET C2 MALWARE STUB THE STUB CRYPTER FOR RAT FUD CRYPTER STUB TELEGRAM?!,Sell cvv and credit credit fullz fullz fullz track1 buy telegram credit the cvv fullz dumps fullz cvv fullz track1 the cvv fullz...,1
TELEGRAM CVV DUMPS DUMPS AND DUMPS JABBER TRACK1 CREDIT CREDIT SELL DUMPS CREDIT DUMPS TRACK2 TRACK2 TRACK1 FULLZ TRACK1 JABBER TRACK1 CONTACT CVV CVV SELL CONTACT CREDIT?!,STUB C2 FOR CRYPTER STUB RAT BOTNET C2 CONTACT BOTNET C2 BOTNET C2 MALWARE STUB THE STUB CRYPTER FOR RAT FUD CRYPTER STUB TELEGRAM?!,1
CVV TRACK2 DUMPS TELEGRAM TELEGRAM TRACK2 FOR SELL TELEGRAM CREDIT TELEGRAM TRACK2 CVV TRACK1 CVV TELEGRAM TRACK2 BUY SELL CVV?!,Sell cvv and credit credit fullz fullz fullz track1 buy telegram credit the cvv fullz dumps fullz cvv fullz track1 the cvv fullz...,1
Buy botnet stub telegram sell malware and stub for botnet rat c2 c2 the crypter crypter the jabber contact stub c2 malware for sell stub.,Sell malware crypter stub crypter crypter for sell telegram for botnet rat malware the the rat malware jabber botnet for c2 the rat for fud contact the stub fud botnet stub fud.,1
Stub c2 buy botnet contact telegram contact botnet fud sell stub and telegram botnet rat botnet sell and crypter crypter.,For malware buy c2 telegram botnet buy rat telegram crypter the fud the fud crypter botnet c2 crypter the rat rat stub c2 botnet fud botnet buy jabber rat the malware.,1
Crypter and the malware crypter rat stub crypter sell the stub fud stub fud botnet malware c2 fud c2 stub buy fud c2 stub the malware stub stub c2 rat jabber sell rat buy.,Sell malware crypter stub crypter crypter for sell telegram for botnet rat malware the the rat malware jabber botnet for c2 the rat for fud contact the stub fud botnet stub fud.,1
Buy botnet stub telegram sell malware and stub for botnet rat c2 c2 the crypter crypter the jabber contact stub c2 malware for sell stub.,Buy fud stub rat stub stub rat malware crypter rat malware telegram crypter botnet botnet contact rat c2 botnet botnet c2.,1
Rat botnet stub contact crypter crypter jabber fud stub sell sell fud botnet c2 rat crypter jabber rat rat and malware for stub c2 c2 stub c2 botnet crypter crypter stub fud for stub.,Telegram c2 the c2 malware crypter stub c2 telegram malware rat rat fud botnet crypter sell fud c2 stub malware and c2 and malware malware botnet fud botnet for crypter stub stub rat crypter c2 stub the.,1
Telegram fud fud botnet fud sell malware stub fud for crypter malware crypter rat fud and botnet the crypter rat rat sell malware and c2.,Malware c2 stub stub rat fud contact malware malware fud crypter malware malware crypter fud telegram rat c2 malware sell c2 botnet stub stub.,1
Malware c2 stub stub rat fud contact malware malware fud crypter malware malware crypter fud telegram rat c2 malware sell c2 botnet stub stub.,For malware buy c2 telegram botnet buy rat telegram crypter the fud the fud crypter botnet c2 crypter the rat rat stub c2 botnet fud botnet buy jabber rat the malware.,1
Telegram fud fud botnet fud sell malware stub fud for crypter malware crypter rat fud and botnet the crypter rat rat sell malware and c2.,Buy fud stub rat stub stub rat malware crypter rat malware telegram crypter botnet botnet contact rat c2 botnet botnet c2.,1
Crypter and the malware crypter rat stub crypter sell the stub fud stub fud botnet malware c2 fud c2 stub buy fud c2 stub the malware stub stub c2 rat jabber sell rat buy.,Stub malware telegram stub stub crypter malware sell c2 botnet c2 telegram jabber botnet jabber jabber crypter telegram sell fud stub rat c2 fud the.,1
Buy botnet stub telegram sell malware and stub for botnet rat c2 c2 the crypter crypter the jabber contact stub c2 malware for sell stub.,Stub malware telegram stub stub crypter malware sell c2 botnet c2 telegram jabber botnet jabber jabber crypter telegram sell fud stub rat c2 fud the.,1
STUB STUB BOTNET STUB BOTNET RAT STUB TELEGRAM!!!,For malware buy c2 telegram botnet buy rat telegram crypter the fud the fud crypter botnet c2 crypter the rat rat stub c2 botnet fud botnet buy jabber rat the malware.,1
Crypter and the malware crypter rat stub crypter sell the stub fud stub fud botnet malware c2 fud c2 stub buy fud c2 stub the malware stub stub c2 rat jabber sell rat buy.,Rat botnet stub contact crypter crypter jabber fud stub sell sell fud botnet c2 rat crypter jabber rat rat and malware for stub c2 c2 stub c2 botnet crypter crypter stub fud for stub.,1
Crypter and the malware crypter rat stub crypter sell the stub fud stub fud botnet malware c2 fud c2 stub buy fud c2 stub the malware stub stub c2 rat jabber sell rat buy.,Stub malware telegram stub stub crypter malware sell c2 botnet c2 telegram jabber botnet jabber jabber crypter telegram sell fud stub rat c2 fud the.,1
Telegram c2 the c2 malware crypter stub c2 telegram malware rat rat fud botnet crypter sell fud c2 stub malware and c2 and malware malware botnet fud botnet for crypter stub stub rat crypter c2 stub the.,STUB STUB BOTNET STUB BOTNET RAT STUB TELEGRAM!!!,1
Rat botnet stub contact crypter crypter jabber fud stub sell sell fud botnet c2 rat crypter jabber rat rat and malware for stub c2 c2 stub c2 botnet crypter crypter stub fud for stub.,Telegram fud fud botnet fud sell malware stub fud for crypter malware crypter rat fud and botnet the crypter rat rat sell malware and c2.,1
Buy botnet stub telegram sell malware and stub for botnet rat c2 c2 the crypter crypter the jabber contact stub c2 malware for sell stub.,Crypter and the malware crypter rat stub crypter sell the stub fud stub fud botnet malware c2 fud c2 stub buy fud c2 stub the malware stub stub c2 rat jabber sell rat buy.,1
For malware buy c2 telegram botnet buy rat telegram crypter the fud the fud crypter botnet c2 crypter the rat rat stub c2 botnet fud botnet buy jabber rat the malware.,STUB STUB BOTNET STUB BOTNET RAT STUB TELEGRAM!!!,1
STUB STUB BOTNET STUB BOTNET RAT STUB TELEGRAM!!!,Malware c2 stub stub rat fud contact malware malware fud crypter malware malware crypter fud telegram rat c2 malware sell c2 botnet stub stub.,1
Telegram c2 the c2 malware crypter stub c2 telegram malware rat rat fud botnet crypter sell fud c2 stub malware and c2 and malware malware botnet fud botnet for crypter stub stub rat crypter c2 stub the.,Crypter and the malware crypter rat stub crypter sell the stub fud stub fud botnet malware c2 fud c2 stub buy fud c2 stub the malware stub stub c2 rat jabber sell rat buy.,1
Rat botnet stub contact crypter crypter jabber fud stub sell sell fud botnet c2 rat crypter jabber rat rat and malware for stub c2 c2 stub c2 botnet crypter crypter stub fud for stub.,STUB STUB BOTNET STUB BOTNET RAT STUB TELEGRAM!!!,1
JABBER FOR SELL COMBO DUMP SQL LEAK PASSWORDS BUY PASSWORDS SELL COMBO HASH DUMP SELL DUMP LEAK TELEGRAM DATABASE COMBO HASH COMBO HASH COMBO HASH FOR TELEGRAM JABBER?!,AND SQL DATABASE SQL JABBER SQL DATABASE DUMP THE DATABASE SQL BUY TELEGRAM THE HASH DUMP FOR CONTACT SELL DATABASE THE COMBO CONTACT HASH DUMP PASSWORDS THE PASSWORDS HASH CONTACT DUMP PASSWORDS PASSWORDS?!,1
CONTACT SQL AND DATABASE COMBO DATABASE SQL LEAK LEAK SQL HASH CONTACT FOR DATABASE DUMP COMBO CONTACT SELL JABBER DUMP COMBO HASH COMBO LEAK FOR PASSWORDS SQL LEAK BUY DATABASE DUMP SELL AND COMBO DUMP THE SQL LEAK SELL?!,TELEGRAM COMBO COMBO DATABASE HASH HASH DATABASE DUMP SELL DATABASE DATABASE HASH TELEGRAM CONTACT SQL AND DATABASE BUY CONTACT DATABASE COMBO LEAK DUMP THE SQL THE LEAK LEAK SQL?!,1
SQL DUMP DATABASE DUMP LEAK BUY PASSWORDS COMBO DATABASE CONTACT LEAK SQL DUMP HASH TELEGRAM PASSWORDS CONTACT COMBO CONTACT COMBO COMBO LEAK PASSWORDS PASSWORDS THE TELEGRAM SELL HASH DATABASE DATABASE HASH DATABASE DUMP DATABASE THE COMBO PASSWORDS SQL SQL DUMP?!,DATABASE HASH DATABASE HASH LEAK SQL DATABASE FOR LEAK DUMP DATABASE DUMP LEAK HASH FOR HASH CONTACT TELEGRAM DUMP SQL LEAK PASSWORDS SQL COMBO CONTACT SQL COMBO TELEGRAM HASH JABBER PASSWORDS SELL SELL HASH DATABASE COMBO?!,1
AND SQL DATABASE SQL JABBER SQL DATABASE DUMP THE DATABASE SQL BUY TELEGRAM THE HASH DUMP FOR CONTACT SELL DATABASE THE COMBO CONTACT HASH DUMP PASSWORDS THE PASSWORDS HASH CONTACT DUMP PASSWORDS PASSWORDS?!,DATABASE HASH DATABASE HASH LEAK SQL DATABASE FOR LEAK DUMP DATABASE DUMP LEAK HASH FOR HASH CONTACT TELEGRAM DUMP SQL LEAK PASSWORDS SQL COMBO CONTACT SQL COMBO TELEGRAM HASH JABBER PASSWORDS SELL SELL HASH DATABASE COMBO?!,1
DATABASE HASH DATABASE HASH LEAK SQL DATABASE FOR LEAK DUMP DATABASE DUMP LEAK HASH FOR HASH CONTACT TELEGRAM DUMP SQL LEAK PASSWORDS SQL COMBO CONTACT SQL COMBO TELEGRAM HASH JABBER PASSWORDS SELL SELL HASH DATABASE COMBO?!,AND SQL DATABASE SQL JABBER SQL DATABASE DUMP THE DATABASE SQL BUY TELEGRAM THE HASH DUMP FOR CONTACT SELL DATABASE THE COMBO CONTACT HASH DUMP PASSWORDS THE PASSWORDS HASH CONTACT DUMP PASSWORDS PASSWORDS?!,1
DATABASE HASH DATABASE HASH LEAK SQL DATABASE FOR LEAK DUMP DATABASE DUMP LEAK HASH FOR HASH CONTACT TELEGRAM DUMP SQL LEAK PASSWORDS SQL COMBO CONTACT SQL COMBO TELEGRAM HASH JABBER PASSWORDS SELL SELL HASH DATABASE COMBO?!,DATABASE HASH BUY PASSWORDS PASSWORDS PASSWORDS DUMP DATABASE AND LEAK HASH SELL SELL TELEGRAM HASH LEAK HASH CONTACT TELEGRAM LEAK SELL HASH SQL SELL AND COMBO SQL FOR HASH SELL PASSWORDS HASH DATABASE LEAK CONTACT CONTACT?!,1
TELEGRAM COMBO COMBO DATABASE HASH HASH DATABASE DUMP SELL DATABASE DATABASE HASH TELEGRAM CONTACT SQL AND DATABASE BUY CONTACT DATABASE COMBO LEAK DUMP THE SQL THE LEAK LEAK SQL?!,PASSWORDS LEAK HASH LEAK PASSWORDS FOR SQL DATABASE BUY DUMP HASH AND DATABASE PASSWORDS COMBO DATABASE AND SQL PASSWORDS BUY AND PASSWORDS LEAK HASH DUMP LEAK DATABASE DATABASE SELL BUY DATABASE CONTACT?!,1
TELEGRAM COMBO COMBO DATABASE HASH HASH DATABASE DUMP SELL DATABASE DATABASE HASH TELEGRAM CONTACT SQL AND DATABASE BUY CONTACT DATABASE COMBO LEAK DUMP THE SQL THE LEAK LEAK SQL?!,PASSWORDS DATABASE PASSWORDS DUMP AND THE PASSWORDS SQL TELEGRAM SELL HASH HASH FOR SELL SQL THE COMBO LEAK TELEGRAM COMBO TELEGRAM SQL DUMP SQL HASH DUMP COMBO PASSWORDS LEAK HASH AND BUY LEAK PASSWORDS TELEGRAM TELEGRAM AND SQL?!,1
TELEGRAM COMBO COMBO DATABASE HASH HASH DATABASE DUMP SELL DATABASE DATABASE HASH TELEGRAM CONTACT SQL AND DATABASE BUY CONTACT DATABASE COMBO LEAK DUMP THE SQL THE LEAK LEAK SQL?!,PASSWORDS LEAK HASH LEAK PASSWORDS FOR SQL DATABASE BUY DUMP HASH AND DATABASE PASSWORDS COMBO DATABASE AND SQL PASSWORDS BUY AND PASSWORDS LEAK HASH DUMP LEAK DATABASE DATABASE SELL BUY DATABASE CONTACT?!,1
AND SQL DATABASE SQL JABBER SQL DATABASE DUMP THE DATABASE SQL BUY TELEGRAM THE HASH DUMP FOR CONTACT SELL DATABASE THE COMBO CONTACT HASH DUMP PASSWORDS THE PASSWORDS HASH CONTACT DUMP PASSWORDS PASSWORDS?!,AND FOR DATABASE PASSWORDS SQL HASH DATABASE LEAK SELL FOR DATABASE THE HASH DUMP HASH LEAK DATABASE DUMP DATABASE HASH AND PASSWORDS LEAK SQL SELL PASSWORDS DUMP TELEGRAM AND HASH FOR LEAK?!,1
DATABASE HASH BUY PASSWORDS PASSWORDS PASSWORDS DUMP DATABASE AND LEAK HASH SELL SELL TELEGRAM HASH LEAK HASH CONTACT TELEGRAM LEAK SELL HASH SQL SELL AND COMBO SQL FOR HASH SELL PASSWORDS HASH DATABASE LEAK CONTACT CONTACT?!,PASSWORDS DATABASE PASSWORDS DUMP AND THE PASSWORDS SQL TELEGRAM SELL HASH HASH FOR SELL SQL THE COMBO LEAK TELEGRAM COMBO TELEGRAM SQL DUMP SQL HASH DUMP COMBO PASSWORDS LEAK HASH AND BUY LEAK PASSWORDS TELEGRAM TELEGRAM AND SQL?!,1
CONTACT SQL AND DATABASE COMBO DATABASE SQL LEAK LEAK SQL HASH CONTACT FOR DATABASE DUMP COMBO CONTACT SELL JABBER DUMP COMBO HASH COMBO LEAK FOR PASSWORDS SQL LEAK BUY DATABASE DUMP SELL AND COMBO DUMP THE SQL LEAK SELL?!,SQL DUMP DATABASE DUMP LEAK BUY PASSWORDS COMBO DATABASE CONTACT LEAK SQL DUMP HASH TELEGRAM PASSWORDS CONTACT COMBO CONTACT COMBO COMBO LEAK PASSWORDS PASSWORDS THE TELEGRAM SELL HASH DATABASE DATABASE HASH DATABASE DUMP DATABASE THE COMBO PASSWORDS SQL SQL DUMP?!,1
TELEGRAM COMBO COMBO DATABASE HASH HASH DATABASE DUMP SELL DATABASE DATABASE HASH TELEGRAM CONTACT SQL AND DATABASE BUY CONTACT DATABASE COMBO LEAK DUMP THE SQL THE LEAK LEAK SQL?!,AND FOR DATABASE PASSWORDS SQL HASH DATABASE LEAK SELL FOR DATABASE THE HASH DUMP HASH LEAK DATABASE DUMP DATABASE HASH AND PASSWORDS LEAK SQL SELL PASSWORDS DUMP TELEGRAM AND HASH FOR LEAK?!,1
DATABASE HASH DATABASE HASH LEAK SQL DATABASE FOR LEAK DUMP DATABASE DUMP LEAK HASH FOR HASH CONTACT TELEGRAM DUMP SQL LEAK PASSWORDS SQL COMBO CONTACT SQL COMBO TELEGRAM HASH JABBER PASSWORDS SELL SELL HASH DATABASE COMBO?!,JABBER CREDIT AND JABBER CVV TRACK1 TRACK1 TRACK1 DUMPS TRACK1 TRACK2 TRACK2 FULLZ JABBER SELL TELEGRAM TRACK2 TRACK2 CREDIT CVV DUMPS DUMPS TRACK2 TRACK2 CVV?!,1
TELEGRAM COMBO COMBO DATABASE HASH HASH DATABASE DUMP SELL DATABASE DATABASE HASH TELEGRAM CONTACT SQL AND DATABASE BUY CONTACT DATABASE COMBO LEAK DUMP THE SQL THE LEAK LEAK SQL?!,AND SQL DATABASE SQL JABBER SQL DATABASE DUMP THE DATABASE SQL BUY TELEGRAM THE HASH DUMP FOR CONTACT SELL DATABASE THE COMBO CONTACT HASH DUMP PASSWORDS THE PASSWORDS HASH CONTACT DUMP PASSWORDS PASSWORDS?!,1
HASH DUMP COMBO DUMP PASSWORDS SQL DUMP!!!,JABBER FOR SELL COMBO DUMP SQL LEAK PASSWORDS BUY PASSWORDS SELL COMBO HASH DUMP SELL DUMP LEAK TELEGRAM DATABASE COMBO HASH COMBO HASH COMBO HASH FOR TELEGRAM JABBER?!,1
CONTACT SQL AND DATABASE COMBO DATABASE SQL LEAK LEAK SQL HASH CONTACT FOR DATABASE DUMP COMBO CONTACT SELL JABBER DUMP COMBO HASH COMBO LEAK FOR PASSWORDS SQL LEAK BUY DATABASE DUMP SELL AND COMBO DUMP THE SQL LEAK SELL?!,CRYPTER STUB STUB BUY RAT C2 JABBER BOTNET AND CRYPTER FUD C2 TELEGRAM BOTNET JABBER RAT STUB STUB RAT RAT STUB FUD CRYPTER?!,1
SQL DUMP DATABASE DUMP LEAK BUY PASSWORDS COMBO DATABASE CONTACT LEAK SQL DUMP HASH TELEGRAM PASSWORDS CONTACT COMBO CONTACT COMBO COMBO LEAK PASSWORDS PASSWORDS THE TELEGRAM SELL HASH DATABASE DATABASE HASH DATABASE DUMP DATABASE THE COMBO PASSWORDS SQL SQL DUMP?!,CONTACT SQL AND DATABASE COMBO DATABASE SQL LEAK LEAK SQL HASH CONTACT FOR DATABASE DUMP COMBO CONTACT SELL JABBER DUMP COMBO HASH COMBO LEAK FOR PASSWORDS SQL LEAK BUY DATABASE DUMP SELL AND COMBO DUMP THE SQL LEAK SELL?!,1
JABBER FOR SELL COMBO DUMP SQL LEAK PASSWORDS BUY PASSWORDS SELL COMBO HASH DUMP SELL DUMP LEAK TELEGRAM DATABASE COMBO HASH COMBO HASH COMBO HASH FOR TELEGRAM JABBER?!,AND FOR DATABASE PASSWORDS SQL HASH DATABASE LEAK SELL FOR DATABASE THE HASH DUMP HASH LEAK DATABASE DUMP DATABASE HASH AND PASSWORDS LEAK SQL SELL PASSWORDS DUMP TELEGRAM AND HASH FOR LEAK?!,1
AND FOR DATABASE PASSWORDS SQL HASH DATABASE LEAK SELL FOR DATABASE THE HASH DUMP HASH LEAK DATABASE DUMP DATABASE HASH AND PASSWORDS LEAK SQL SELL PASSWORDS DUMP TELEGRAM AND HASH FOR LEAK?!,PASSWORDS LEAK HASH LEAK PASSWORDS FOR SQL DATABASE BUY DUMP HASH AND DATABASE PASSWORDS COMBO DATABASE AND SQL PASSWORDS BUY AND PASSWORDS LEAK HASH DUMP LEAK DATABASE DATABASE SELL BUY DATABASE CONTACT?!,1
Hash passwords hash the combo jabber hash combo jabber dump telegram database dump passwords passwords telegram hash passwords jabber hash the and.,Dump telegram sql and database hash database combo dump combo passwords database dump dump sql combo database telegram passwords sql hash the combo sql contact database the dump sql passwords hash database passwords.,1
Dump telegram sql and database hash database combo dump combo passwords database dump dump sql combo database telegram passwords sql hash the combo sql contact database the dump sql passwords hash database passwords.,Database for hash passwords leak combo combo sql combo and hash passwords dump sql sql the and passwords sell the database jabber sql combo database and dump hash dump.,1
Passwords sell jabber combo telegram leak database passwords leak combo combo telegram the hash database for combo hash sql for telegram for database dump database passwords leak sql hash contact leak sell the.,FUD BOTNET STUB MALWARE MALWARE!!!,1
For sell leak sql database sell jabber sell combo leak telegram dump sell combo leak passwords sell passwords dump sql passwords telegram dump contact sql and sell passwords database contact dump dump passwords jabber dump sell database database dump.,FUD BOTNET STUB MALWARE MALWARE!!!,1
Database jabber hash telegram hash combo dump combo jabber the sql the telegram hash combo database jabber database hash database hash hash and database and dump contact passwords sql dump leak combo.,Webshell jabber citrix rdp access vpn vpn citrix sell webshell shell the access citrix webshell and sell webshell access vpn jabber shell for vpn vpn shell webshell access rdp citrix vpn rdp rdp sell contact webshell for rdp rdp cpanel.,1
Sell hash and database buy database dump dump database the hash leak dump sell leak jabber telegram hash combo hash hash buy combo hash hash leak dump.,For sell leak sql database sell jabber sell combo leak telegram dump sell combo leak passwords sell passwords dump sql passwords telegram dump contact sql and sell passwords database contact dump dump passwords jabber dump sell database database dump.,1
Leak passwords leak leak buy hash leak telegram sql sell hash combo leak passwords combo database sql sql hash database dump combo contact combo combo combo the the sql sql passwords hash dump database dump combo dump combo...,Passwords sell jabber combo telegram leak database passwords leak combo combo telegram the hash database for combo hash sql for telegram for database dump database passwords leak sql hash contact leak sell the.,1
For sell leak sql database sell jabber sell combo leak telegram dump sell combo leak passwords sell passwords dump sql passwords telegram dump contact sql and sell passwords database contact dump dump passwords jabber dump sell database database dump.,Hash passwords hash the combo jabber hash combo jabber dump telegram database dump passwords passwords telegram hash passwords jabber hash the and.,1
Database for hash passwords leak combo combo sql combo and hash passwords dump sql sql the and passwords sell the database jabber sql combo database and dump hash dump.,Database jabber hash telegram hash combo dump combo jabber the sql the telegram hash combo database jabber database hash database hash hash and database and dump contact passwords sql dump leak combo.,1
Sell hash and database buy database dump dump database the hash leak dump sell leak jabber telegram hash combo hash hash buy combo hash hash leak dump.,Database leak leak combo sql sql for sql database jabber dump passwords combo telegram dump passwords sql passwords combo leak and.,1
Passwords sell jabber combo telegram leak database passwords leak combo combo telegram the hash database for combo hash sql for telegram for database dump database passwords leak sql hash contact leak sell the.,For sell leak sql database sell jabber sell combo leak telegram dump sell combo leak passwords sell passwords dump sql passwords telegram dump contact sql and sell passwords database contact dump dump passwords jabber dump sell database database dump.,1
Sell hash and database buy database dump dump database the hash leak dump sell leak jabber telegram hash combo hash hash buy combo hash hash leak dump.,Dump telegram sql telegram database sql hash passwords passwords leak sql database leak database combo dump passwords buy sql combo passwords contact the passwords sql.,1
For sell leak sql database sell jabber sell combo leak telegram dump sell combo leak passwords sell passwords dump sql passwords telegram dump contact sql and sell passwords database contact dump dump passwords jabber dump sell database database dump.,Dump telegram sql telegram database sql hash passwords passwords leak sql database leak database combo dump passwords buy sql combo passwords contact the passwords sql.,1
Dump telegram sql and database hash database combo dump combo passwords database dump dump sql combo database telegram passwords sql hash the combo sql contact database the dump sql passwords hash database passwords.,Sell hash and database buy database dump dump database the hash leak dump sell leak jabber telegram hash combo hash hash buy combo hash hash leak dump.,1
CVV CVV TRACK1 TRACK1 BUY DUMPS FULLZ FOR CVV FULLZ!!!,Database jabber hash telegram hash combo dump combo jabber the sql the telegram hash combo database jabber database hash database hash hash and database and dump contact passwords sql dump leak combo.,1
For sell leak sql database sell jabber sell combo leak telegram dump sell combo leak passwords sell passwords dump sql passwords telegram dump contact sql and sell passwords database contact dump dump passwords jabber dump sell database database dump.,Database for hash passwords leak combo combo sql combo and hash passwords dump sql sql the and passwords sell the database jabber sql combo database and dump hash dump.,1
FUD BOTNET STUB MALWARE MALWARE!!!,Database jabber hash telegram hash combo dump combo jabber the sql the telegram hash combo database jabber database hash database hash hash and database and dump contact passwords sql dump leak combo.,1
Database jabber hash telegram hash combo dump combo jabber the sql the telegram hash combo database jabber database hash database hash hash and database and dump contact passwords sql dump leak combo.,Passwords sell jabber combo telegram leak database passwords leak combo combo telegram the hash database for combo hash sql for telegram for database dump database passwords leak sql hash contact leak sell the.,1
Database for hash passwords leak combo combo sql combo and hash passwords dump sql sql the and passwords sell the database jabber sql combo database and dump hash dump.,Database leak leak combo sql sql for sql database jabber dump passwords combo telegram dump passwords sql passwords combo leak and.,1
Passwords sell jabber combo telegram leak database passwords leak combo combo telegram the hash database for combo hash sql for telegram for database dump database passwords leak sql hash contact leak sell the.,For sell leak sql database sell jabber sell combo leak telegram dump sell combo leak passwords sell passwords dump sql passwords telegram dump contact sql and sell passwords database contact dump dump passwords jabber dump sell database database dump.,1
The for dump the leak telegram dump leak database leak passwords for sql and dump passwords sql database sql database passwords jabber sql the and hash hash sql passwords combo dump passwords and passwords sql contact dump passwords database contact.,And poc sell poc exploit sell privesc exploit cve rce cve the 0day cve cve payload cve payload cve exploit cve payload sell 0day.,1
The for dump the leak telegram dump leak database leak passwords for sql and dump passwords sql database sql database passwords jabber sql the and hash hash sql passwords combo dump passwords and passwords sql contact dump passwords database contact.,Hash hash leak and sell contact dump dump the dump sell leak hash combo dump jabber sql database database contact sell leak sql leak database sql hash jabber passwords for.,1
Passwords for database hash for leak sql leak sql dump and buy buy dump contact dump sql dump combo sql contact.,SELL DATABASE JABBER COMBO COMBO TELEGRAM DATABASE DUMP THE THE BUY PASSWORDS COMBO SELL DUMP LEAK SQL SELL LEAK AND SQL JABBER PASSWORDS BUY COMBO BUY PASSWORDS FOR BUY HASH HASH LEAK SELL?!,1
Passwords for database hash for leak sql leak sql dump and buy buy dump contact dump sql dump combo sql contact.,For combo and hash combo database for combo the passwords hash hash dump combo database contact combo combo combo sql and buy contact passwords leak sql leak sql database buy and combo leak for dump database database telegram sql sql.,1
Dump database passwords combo combo database and jabber telegram for passwords hash dump combo combo dump database dump sql buy passwords hash contact.,And contact telegram leak database combo hash sql buy combo sql combo combo database sell sql sql hash sql database dump and leak leak sql combo passwords passwords leak hash leak combo dump sell hash.,1
For leak combo dump sql dump dump sql sql dump leak dump passwords sql combo hash hash combo combo sell sql for telegram hash dump telegram passwords database hash combo database passwords and telegram the sql passwords.,Dump database passwords combo combo database and jabber telegram for passwords hash dump combo combo dump database dump sql buy passwords hash contact.,1
The for dump the leak telegram dump leak database leak passwords for sql and dump passwords sql database sql database passwords jabber sql the and hash hash sql passwords combo dump passwords and passwords sql contact dump passwords database contact.,Passwords hash leak combo sql combo contact leak dump passwords passwords passwords sql the the jabber hash combo hash contact buy database combo hash hash combo sql.,1
For combo and hash combo database for combo the passwords hash hash dump combo database contact combo combo combo sql and buy contact passwords leak sql leak sql database buy and combo leak for dump database database telegram sql sql.,Dump database passwords combo combo database and jabber telegram for passwords hash dump combo combo dump database dump sql buy passwords hash contact.,1
Passwords hash leak combo sql combo contact leak dump passwords passwords passwords sql the the jabber hash combo hash contact buy database combo hash hash combo sql.,For combo and hash combo database for combo the passwords hash hash dump combo database contact combo combo combo sql and buy contact passwords leak sql leak sql database buy and combo leak for dump database database telegram sql sql.,1
And poc sell poc exploit sell privesc exploit cve rce cve the 0day cve cve payload cve payload cve exploit cve payload sell 0day.,Sql the database telegram database database passwords hash and database leak dump sql jabber dump passwords leak the telegram sell and hash hash leak passwords hash dump for.,1
Sql the database telegram database database passwords hash and database leak dump sql jabber dump passwords leak the telegram sell and hash hash leak passwords hash dump for.,DATABASE SELL DATABASE BUY AND HASH LEAK BUY TELEGRAM SQL DUMP COMBO DUMP PASSWORDS LEAK SQL SQL DATABASE TELEGRAM CONTACT SQL SQL DUMP COMBO HASH BUY PASSWORDS?!,1
And poc sell poc exploit sell privesc exploit cve rce cve the 0day cve cve payload cve payload cve exploit cve payload sell 0day.,Sql the database telegram database database passwords hash and database leak dump sql jabber dump passwords leak the telegram sell and hash hash leak passwords hash dump for.,1
For leak combo dump sql dump dump sql sql dump leak dump passwords sql combo hash hash combo combo sell sql for telegram hash dump telegram passwords database hash combo database passwords and telegram the sql passwords.,BUY JABBER DATABASE SQL SQL LEAK LEAK SQL JABBER DATABASE SQL PASSWORDS FOR SQL PASSWORDS PASSWORDS TELEGRAM JABBER PASSWORDS HASH DATABASE COMBO PASSWORDS SQL SELL BUY LEAK SQL COMBO LEAK HASH BUY DATABASE SQL?!,1
DATABASE SELL DATABASE BUY AND HASH LEAK BUY TELEGRAM SQL DUMP COMBO DUMP PASSWORDS LEAK SQL SQL DATABASE TELEGRAM CONTACT SQL SQL DUMP COMBO HASH BUY PASSWORDS?!,SELL DATABASE JABBER COMBO COMBO TELEGRAM DATABASE DUMP THE THE BUY PASSWORDS COMBO SELL DUMP LEAK SQL SELL LEAK AND SQL JABBER PASSWORDS BUY COMBO BUY PASSWORDS FOR BUY HASH HASH LEAK SELL?!,1
BUY JABBER DATABASE SQL SQL LEAK LEAK SQL JABBER DATABASE SQL PASSWORDS FOR SQL PASSWORDS PASSWORDS TELEGRAM JABBER PASSWORDS HASH DATABASE COMBO PASSWORDS SQL SELL BUY LEAK SQL COMBO LEAK HASH BUY DATABASE SQL?!,For leak combo dump sql dump dump sql sql dump leak dump passwords sql combo hash hash combo combo sell sql for telegram hash dump telegram passwords database hash combo database passwords and telegram the sql passwords.,1
Dump database passwords combo combo database and jabber telegram for passwords hash dump combo combo dump database dump sql buy passwords hash contact.,Passwords hash leak combo sql combo contact leak dump passwords passwords passwords sql the the jabber hash combo hash contact buy database combo hash hash combo sql.,1
For leak combo dump sql dump dump sql sql dump leak dump passwords sql combo hash hash combo combo sell sql for telegram hash dump telegram passwords database hash combo database passwords and telegram the sql passwords.,And poc sell poc exploit sell privesc exploit cve rce cve the 0day cve cve payload cve payload cve exploit cve payload sell 0day.,1
SELL DATABASE JABBER COMBO COMBO TELEGRAM DATABASE DUMP THE THE BUY PASSWORDS COMBO SELL DUMP LEAK SQL SELL LEAK AND SQL JABBER PASSWORDS BUY COMBO BUY PASSWORDS FOR BUY HASH HASH LEAK SELL?!,The for dump the leak telegram dump leak database leak passwords for sql and dump passwords sql database sql database passwords jabber sql the and hash hash sql passwords combo dump passwords and passwords sql contact dump passwords database contact.,1
The for dump the leak telegram dump leak database leak passwords for sql and dump passwords sql database sql database passwords jabber sql the and hash hash sql passwords combo dump passwords and passwords sql contact dump passwords database contact.,DATABASE SELL DATABASE BUY AND HASH LEAK BUY TELEGRAM SQL DUMP COMBO DUMP PASSWORDS LEAK SQL SQL DATABASE TELEGRAM CONTACT SQL SQL DUMP COMBO HASH BUY PASSWORDS?!,1
Sql the database telegram database database passwords hash and database leak dump sql jabber dump passwords leak the telegram sell and hash hash leak passwords hash dump for.,Passwords hash leak combo sql combo contact leak dump passwords passwords passwords sql the the jabber hash combo hash contact buy database combo hash hash combo sql.,1
PRIVESC POC EXPLOIT PRIVESC RCE 0DAY PRIVESC CVE RCE!!!,0DAY PRIVESC JABBER PAYLOAD PRIVESC SELL!!!,1
CVE CVE EXPLOIT PRIVESC CONTACT THE PRIVESC!!!,CVE EXPLOIT RCE EXPLOIT BUY POC FOR JABBER FOR PAYLOAD JABBER EXPLOIT EXPLOIT CONTACT 0DAY CVE EXPLOIT CVE PAYLOAD EXPLOIT EXPLOIT RCE JABBER 0DAY FOR PRIVESC POC JABBER PRIVESC POC RCE RCE?!,1
CVE EXPLOIT RCE EXPLOIT BUY POC FOR JABBER FOR PAYLOAD JABBER EXPLOIT EXPLOIT CONTACT 0DAY CVE EXPLOIT CVE PAYLOAD EXPLOIT EXPLOIT RCE JABBER 0DAY FOR PRIVESC POC JABBER PRIVESC POC RCE RCE?!,PRIVESC EXPLOIT SELL TELEGRAM PRIVESC EXPLOIT FOR!!!,1
RCE POC AND PRIVESC PRIVESC!!!,FOR RCE 0DAY AND POC!!!,1
0DAY PRIVESC JABBER PAYLOAD PRIVESC SELL!!!,TELEGRAM TRACK1 BUY TRACK1 BUY DUMPS THE TRACK1!!!,1
CVE EXPLOIT RCE EXPLOIT BUY POC FOR JABBER FOR PAYLOAD JABBER EXPLOIT EXPLOIT CONTACT 0DAY CVE EXPLOIT CVE PAYLOAD EXPLOIT EXPLOIT RCE JABBER 0DAY FOR PRIVESC POC JABBER PRIVESC POC RCE RCE?!,CVE CVE EXPLOIT PRIVESC CONTACT THE PRIVESC!!!,1
0DAY PRIVESC JABBER PAYLOAD PRIVESC SELL!!!,Vpn and citrix rdp access rdp jabber contact cpanel jabber contact webshell shell rdp access webshell cpanel citrix and access cpanel sell rdp citrix telegram rdp webshell shell cpanel rdp...,1
PRIVESC EXPLOIT SELL TELEGRAM PRIVESC EXPLOIT FOR!!!,FOR RCE 0DAY AND POC!!!,1
RCE POC BUY CVE EXPLOIT THE AND RCE BUY!!!,RCE POC AND PRIVESC PRIVESC!!!,1
0DAY CVE RCE EXPLOIT RCE EXPLOIT TELEGRAM POC!!!,0DAY PRIVESC JABBER PAYLOAD PRIVESC SELL!!!,1
TELEGRAM FOR PAYLOAD PAYLOAD TELEGRAM RCE RCE CVE!!!,PRIVESC POC EXPLOIT PRIVESC RCE 0DAY PRIVESC CVE RCE!!!,1
Vpn and citrix rdp access rdp jabber contact cpanel jabber contact webshell shell rdp access webshell cpanel citrix and access cpanel sell rdp citrix telegram rdp webshell shell cpanel rdp...,RCE POC BUY CVE EXPLOIT THE AND RCE BUY!!!,1
RCE POC BUY CVE EXPLOIT THE AND RCE BUY!!!,FOR RCE 0DAY AND POC!!!,1
FOR RCE 0DAY AND POC!!!,PRIVESC EXPLOIT SELL TELEGRAM PRIVESC EXPLOIT FOR!!!,1
PRIVESC POC EXPLOIT PRIVESC RCE 0DAY PRIVESC CVE RCE!!!,CVE EXPLOIT RCE EXPLOIT BUY POC FOR JABBER FOR PAYLOAD JABBER EXPLOIT EXPLOIT CONTACT 0DAY CVE EXPLOIT CVE PAYLOAD EXPLOIT EXPLOIT RCE JABBER 0DAY FOR PRIVESC POC JABBER PRIVESC POC RCE RCE?!,1
TELEGRAM TRACK1 BUY TRACK1 BUY DUMPS THE TRACK1!!!,Vpn and citrix rdp access rdp jabber contact cpanel jabber contact webshell shell rdp access webshell cpanel citrix and access cpanel sell rdp citrix telegram rdp webshell shell cpanel rdp...,1
CVE EXPLOIT RCE EXPLOIT BUY POC FOR JABBER FOR PAYLOAD JABBER EXPLOIT EXPLOIT CONTACT 0DAY CVE EXPLOIT CVE PAYLOAD EXPLOIT EXPLOIT RCE JABBER 0DAY FOR PRIVESC POC JABBER PRIVESC POC RCE RCE?!,CVE CVE EXPLOIT PRIVESC CONTACT THE PRIVESC!!!,1
0DAY PRIVESC JABBER PAYLOAD PRIVESC SELL!!!,PRIVESC EXPLOIT SELL TELEGRAM PRIVESC EXPLOIT FOR!!!,1
CVE EXPLOIT RCE EXPLOIT BUY POC FOR JABBER FOR PAYLOAD JABBER EXPLOIT EXPLOIT CONTACT 0DAY CVE EXPLOIT CVE PAYLOAD EXPLOIT EXPLOIT RCE JABBER 0DAY FOR PRIVESC POC JABBER PRIVESC POC RCE RCE?!,RCE POC BUY CVE EXPLOIT THE AND RCE BUY!!!,1
FOR RCE 0DAY AND POC!!!,RCE POC AND PRIVESC PRIVESC!!!,1
Cve telegram payload cve rce exploit payload for cve poc jabber exploit cve exploit poc cve and cve payload cve privesc the exploit telegram exploit exploit jabber telegram cve poc sell buy 0day cve payload the poc poc...,For privesc sell exploit buy for cve privesc payload 0day sell privesc cve buy cve privesc poc telegram contact contact payload payload exploit poc payload for exploit exploit jabber payload sell 0day exploit poc rce privesc exploit cve...,1
For privesc sell exploit buy for cve privesc payload 0day sell privesc cve buy cve privesc poc telegram contact contact payload payload exploit poc payload for exploit exploit jabber payload sell 0day exploit poc rce privesc exploit cve...,Cve telegram payload cve rce exploit payload for cve poc jabber exploit cve exploit poc cve and cve payload cve privesc the exploit telegram exploit exploit jabber telegram cve poc sell buy 0day cve payload the poc poc...,1
Cve telegram payload cve rce exploit payload for cve poc jabber exploit cve exploit poc cve and cve payload cve privesc the exploit telegram exploit exploit jabber telegram cve poc sell buy 0day cve payload the poc poc...,Telegram jabber exploit poc privesc exploit 0day payload rce payload cve payload poc buy 0day poc rce sell privesc sell exploit...,1
Telegram for poc poc exploit exploit privesc poc rce rce payload exploit 0day 0day rce privesc rce poc contact 0day exploit poc for for rce...,Exploit and privesc 0day exploit jabber rce cve 0day contact sell 0day payload telegram contact privesc cve poc and exploit privesc buy poc cve 0day...,1
Privesc the buy privesc payload exploit buy poc poc 0day payload exploit rce poc jabber contact buy poc payload cve 0day telegram rce...,Buy poc poc 0day payload payload 0day rce cve and cve cve exploit buy 0day for privesc payload for and privesc 0day privesc contact payload...,1
For privesc sell exploit buy for cve privesc payload 0day sell privesc cve buy cve privesc poc telegram contact contact payload payload exploit poc payload for exploit exploit jabber payload sell 0day exploit poc rce privesc exploit cve...,Rce poc the and rce for contact payload rce rce cve exploit payload 0day cve privesc 0day cve privesc buy...,1
Buy privesc and contact cve poc privesc rce poc poc sell exploit buy and rce cve poc privesc buy rce jabber for 0day poc 0day exploit privesc...,Privesc the buy privesc payload exploit buy poc poc 0day payload exploit rce poc jabber contact buy poc payload cve 0day telegram rce...,1
Rce poc the and rce for contact payload rce rce cve exploit payload 0day cve privesc 0day cve privesc buy...,Exploit payload exploit cve rce privesc and for payload payload privesc privesc exploit privesc 0day and and 0day for poc 0day poc privesc rce and.,1
Rce 0day cve jabber contact cve poc payload privesc payload rce poc for payload cve exploit 0day jabber rce the exploit poc exploit for exploit 0day poc exploit cve and...,Telegram jabber exploit poc privesc exploit 0day payload rce payload cve payload poc buy 0day poc rce sell privesc sell exploit...,1
Buy privesc and contact cve poc privesc rce poc poc sell exploit buy and rce cve poc privesc buy rce jabber for 0day poc 0day exploit privesc...,For privesc sell exploit buy for cve privesc payload 0day sell privesc cve buy cve privesc poc telegram contact contact payload payload exploit poc payload for exploit exploit jabber payload sell 0day exploit poc rce privesc exploit cve...,1
Exploit payload exploit cve rce privesc and for payload payload privesc privesc exploit privesc 0day and and 0day for poc 0day poc privesc rce and.,Exploit and privesc 0day exploit jabber rce cve 0day contact sell 0day payload telegram contact privesc cve poc and exploit privesc buy poc cve 0day...,1
Rce poc the and rce for contact payload rce rce cve exploit payload 0day cve privesc 0day cve privesc buy...,Telegram for poc poc exploit exploit privesc poc rce rce payload exploit 0day 0day rce privesc rce poc contact 0day exploit poc for for rce...,1
Buy poc poc 0day payload payload 0day rce cve and cve cve exploit buy 0day for privesc payload for and privesc 0day privesc contact payload...,Privesc the buy privesc payload exploit buy poc poc 0day payload exploit rce poc jabber contact buy poc payload cve 0day telegram rce...,1
Exploit and privesc 0day exploit jabber rce cve 0day contact sell 0day payload telegram contact privesc cve poc and exploit privesc buy poc cve 0day...,For privesc sell exploit buy for cve privesc payload 0day sell privesc cve buy cve privesc poc telegram contact contact payload payload exploit poc payload for exploit exploit jabber payload sell 0day exploit poc rce privesc exploit cve...,1
Cve telegram payload cve rce exploit payload for cve poc jabber exploit cve exploit poc cve and cve payload cve privesc the exploit telegram exploit exploit jabber telegram cve poc sell buy 0day cve payload the poc poc...,Telegram for poc poc exploit exploit privesc poc rce rce payload exploit 0day 0day rce privesc rce poc contact 0day exploit poc for for rce...,1
For privesc sell exploit buy for cve privesc payload 0day sell privesc cve buy cve privesc poc telegram contact contact payload payload exploit poc payload for exploit exploit jabber payload sell 0day exploit poc rce privesc exploit cve...,Privesc buy 0day privesc privesc exploit telegram sell privesc rce poc rce 0day 0day for the telegram jabber rce poc buy privesc cve privesc payload exploit rce sell 0day exploit rce privesc...,1
Buy privesc and contact cve poc privesc rce poc poc sell exploit buy and rce cve poc privesc buy rce jabber for 0day poc 0day exploit privesc...,Exploit and privesc 0day exploit jabber rce cve 0day contact sell 0day payload telegram contact privesc cve poc and exploit privesc buy poc cve 0day...,1
Cve telegram payload cve rce exploit payload for cve poc jabber exploit cve exploit poc cve and cve payload cve privesc the exploit telegram exploit exploit jabber telegram cve poc sell buy 0day cve payload the poc poc...,For privesc sell exploit buy for cve privesc payload 0day sell privesc cve buy cve privesc poc telegram contact contact payload payload exploit poc payload for exploit exploit jabber payload sell 0day exploit poc rce privesc exploit cve...,1
Privesc buy 0day privesc privesc exploit telegram sell privesc rce poc rce 0day 0day for the telegram jabber rce poc buy privesc cve privesc payload exploit rce sell 0day exploit rce privesc...,For privesc sell exploit buy for cve privesc payload 0day sell privesc cve buy cve privesc poc telegram contact contact payload payload exploit poc payload for exploit exploit jabber payload sell 0day exploit poc rce privesc exploit cve...,1
Privesc buy 0day privesc privesc exploit telegram sell privesc rce poc rce 0day 0day for the telegram jabber rce poc buy privesc cve privesc payload exploit rce sell 0day exploit rce privesc...,Privesc the buy privesc payload exploit buy poc poc 0day payload exploit rce poc jabber contact buy poc payload cve 0day telegram rce...,1
Track2 fullz track2 track1 fullz credit fullz buy track1 credit the cvv jabber track1 track2 fullz the dumps telegram track1 for cvv track1 credit for track1 sell track2 track1 sell track1 contact fullz telegram track2 fullz track2.,MALWARE BOTNET BOTNET STUB BOTNET!!!,1
CVV CREDIT TRACK2 TRACK2 CREDIT CREDIT CREDIT THE TRACK1 CREDIT!!!,Dumps track1 dumps the track1 cvv track1 sell sell dumps dumps track2 track1 jabber track2 cvv jabber contact track2 jabber cvv the buy.,1
CVV CREDIT TRACK2 TRACK2 CREDIT CREDIT CREDIT THE TRACK1 CREDIT!!!,DUMPS DUMPS DUMPS TRACK2 FULLZ CREDIT FULLZ DUMPS!!!,1
CREDIT DUMPS DUMPS SELL DUMPS TRACK1 FOR!!!,CVV CREDIT TRACK2 TRACK2 CREDIT CREDIT CREDIT THE TRACK1 CREDIT!!!,1
CREDIT FULLZ BUY CVV TRACK2 TRACK1 CONTACT THE CREDIT CREDIT!!!,Track2 fullz track2 track1 fullz credit fullz buy track1 credit the cvv jabber track1 track2 fullz the dumps telegram track1 for cvv track1 credit for track1 sell track2 track1 sell track1 contact fullz telegram track2 fullz track2.,1
JABBER STUB C2 AND CRYPTER RAT!!!,CREDIT THE CVV TRACK1 JABBER TRACK2 TRACK2 CREDIT TRACK2!!!,1
JABBER STUB C2 AND CRYPTER RAT!!!,Track2 fullz track2 track1 fullz credit fullz buy track1 credit the cvv jabber track1 track2 fullz the dumps telegram track1 for cvv track1 credit for track1 sell track2 track1 sell track1 contact fullz telegram track2 fullz track2.,1
SQL TELEGRAM LEAK FOR HASH JABBER THE SQL DUMP COMBO!!!,FULLZ SELL THE FULLZ BUY CREDIT TRACK1 AND TRACK2 CREDIT!!!,1
JABBER STUB C2 AND CRYPTER RAT!!!,Dumps track1 dumps the track1 cvv track1 sell sell dumps dumps track2 track1 jabber track2 cvv jabber contact track2 jabber cvv the buy.,1
JABBER STUB C2 AND CRYPTER RAT!!!,Track2 fullz track2 track1 fullz credit fullz buy track1 credit the cvv jabber track1 track2 fullz the dumps telegram track1 for cvv track1 credit for track1 sell track2 track1 sell track1 contact fullz telegram track2 fullz track2.,1
CVV FULLZ TRACK1 BUY TRACK1 FULLZ JABBER TRACK1!!!,FULLZ SELL THE FULLZ BUY CREDIT TRACK1 AND TRACK2 CREDIT!!!,1
CVV FULLZ TRACK1 BUY TRACK1 FULLZ JABBER TRACK1!!!,CREDIT DUMPS DUMPS SELL DUMPS TRACK1 FOR!!!,1
Dumps track1 dumps the track1 cvv track1 sell sell dumps dumps track2 track1 jabber track2 cvv jabber contact track2 jabber cvv the buy.,DUMPS DUMPS DUMPS TRACK2 FULLZ CREDIT FULLZ DUMPS!!!,1
CREDIT FULLZ BUY CVV TRACK2 TRACK1 CONTACT THE CREDIT CREDIT!!!,Track2 fullz track2 track1 fullz credit fullz buy track1 credit the cvv jabber track1 track2 fullz the dumps telegram track1 for cvv track1 credit for track1 sell track2 track1 sell track1 contact fullz telegram track2 fullz track2.,1
CREDIT DUMPS DUMPS SELL DUMPS TRACK1 FOR!!!,CVV FULLZ TRACK1 BUY TRACK1 FULLZ JABBER TRACK1!!!,1
CREDIT DUMPS DUMPS SELL DUMPS TRACK1 FOR!!!,SQL TELEGRAM LEAK FOR HASH JABBER THE SQL DUMP COMBO!!!,1
SQL TELEGRAM LEAK FOR HASH JABBER THE SQL DUMP COMBO!!!,CREDIT THE CVV TRACK1 JABBER TRACK2 TRACK2 CREDIT TRACK2!!!,1
DUMPS DUMPS DUMPS TRACK2 FULLZ CREDIT FULLZ DUMPS!!!,Dumps track1 dumps the track1 cvv track1 sell sell dumps dumps track2 track1 jabber track2 cvv jabber contact track2 jabber cvv the buy.,1
Dumps track1 dumps the track1 cvv track1 sell sell dumps dumps track2 track1 jabber track2 cvv jabber contact track2 jabber cvv the buy.,MALWARE BOTNET BOTNET STUB BOTNET!!!,1
MALWARE BOTNET BOTNET STUB BOTNET!!!,DUMPS DUMPS DUMPS TRACK2 FULLZ CREDIT FULLZ DUMPS!!!,1
Jabber telegram stub buy sell malware c2 and stub rat sell c2 rat contact jabber buy fud fud stub fud crypter crypter botnet the c2 crypter fud rat...,Exploit rce rce telegram rce 0day 0day telegram sell privesc payload telegram cve and payload telegram buy rce payload payload exploit contact cve privesc sell cve telegram privesc contact exploit 0day the exploit payload exploit the...,1
Crypter botnet fud for stub stub crypter rat the and c2 rat buy crypter buy fud and the crypter c2...,Fud rat crypter jabber stub buy crypter crypter the crypter for crypter malware malware sell sell and rat fud botnet fud telegram botnet fud rat buy crypter...,1
Crypter botnet botnet botnet c2 stub fud stub rat rat the c2 fud stub malware for c2 crypter malware crypter for rat for c2 buy botnet c2 and contact botnet telegram.,Crypter botnet fud for stub stub crypter rat the and c2 rat buy crypter buy fud and the crypter c2...,1
Rat c2 c2 telegram buy stub malware fud the botnet and crypter contact rat crypter jabber fud crypter stub the and malware stub fud fud malware botnet for the crypter rat c2 stub rat fud rat rat c2 for crypter...,The botnet crypter c2 crypter telegram telegram sell buy crypter rat stub sell buy and telegram malware rat contact jabber stub rat telegram crypter telegram fud...,1
BOTNET STUB C2 RAT CRYPTER STUB STUB BUY AND!!!,Exploit rce rce telegram rce 0day 0day telegram sell privesc payload telegram cve and payload telegram buy rce payload payload exploit contact cve privesc sell cve telegram privesc contact exploit 0day the exploit payload exploit the...,1
Rat and stub the rat and fud for fud jabber stub fud the malware and botnet sell botnet c2 stub fud rat crypter fud sell crypter fud fud malware for buy crypter stub telegram...,Fud c2 fud stub malware botnet sell botnet c2 rat botnet c2 contact stub rat sell stub c2 rat botnet sell crypter rat fud the fud rat jabber sell rat fud buy c2 rat fud sell botnet malware...,1
The botnet crypter c2 crypter telegram telegram sell buy crypter rat stub sell buy and telegram malware rat contact jabber stub rat telegram crypter telegram fud...,Fud c2 fud stub malware botnet sell botnet c2 rat botnet c2 contact stub rat sell stub c2 rat botnet sell crypter rat fud the fud rat jabber sell rat fud buy c2 rat fud sell botnet malware...,1
Crypter botnet fud for stub stub crypter rat the and c2 rat buy crypter buy fud and the crypter c2...,Rat c2 c2 telegram buy stub malware fud the botnet and crypter contact rat crypter jabber fud crypter stub the and malware stub fud fud malware botnet for the crypter rat c2 stub rat fud rat rat c2 for crypter...,1
Rat and stub the rat and fud for fud jabber stub fud the malware and botnet sell botnet c2 stub fud rat crypter fud sell crypter fud fud malware for buy crypter stub telegram...,Jabber telegram stub buy sell malware c2 and stub rat sell c2 rat contact jabber buy fud fud stub fud crypter crypter botnet the c2 crypter fud rat...,1
For botnet stub c2 jabber sell c2 fud botnet for c2 malware botnet malware fud c2 fud sell and crypter malware c2 crypter rat sell stub...,Stub fud buy buy malware for rat jabber the fud c2 fud and malware crypter fud rat for botnet rat botnet c2 and stub botnet telegram crypter c2 rat and rat malware...,1
For botnet stub c2 jabber sell c2 fud botnet for c2 malware botnet malware fud c2 fud sell and crypter malware c2 crypter rat sell stub...,Stub fud buy buy malware for rat jabber the fud c2 fud and malware crypter fud rat for botnet rat botnet c2 and stub botnet telegram crypter c2 rat and rat malware...,1
Crypter botnet botnet botnet c2 stub fud stub rat rat the c2 fud stub malware for c2 crypter malware crypter for rat for c2 buy botnet c2 and contact botnet telegram.,Crypter botnet fud for stub stub crypter rat the and c2 rat buy crypter buy fud and the crypter c2...,1
Rat c2 c2 telegram buy stub malware fud the botnet and crypter contact rat crypter jabber fud crypter stub the and malware stub fud fud malware botnet for the crypter rat c2 stub rat fud rat rat c2 for crypter...,The botnet crypter c2 crypter telegram telegram sell buy crypter rat stub sell buy and telegram malware rat contact jabber stub rat telegram crypter telegram fud...,1
For malware malware botnet sell botnet rat fud stub fud rat contact botnet the rat for malware fud for rat fud crypter telegram c2 c2 rat malware crypter for botnet fud fud...,Exploit rce rce telegram rce 0day 0day telegram sell privesc payload telegram cve and payload telegram buy rce payload payload exploit contact cve privesc sell cve telegram privesc contact exploit 0day the exploit payload exploit the...,1
The botnet crypter c2 crypter telegram telegram sell buy crypter rat stub sell buy and telegram malware rat contact jabber stub rat telegram crypter telegram fud...,Rat c2 c2 telegram buy stub malware fud the botnet and crypter contact rat crypter jabber fud crypter stub the and malware stub fud fud malware botnet for the crypter rat c2 stub rat fud rat rat c2 for crypter...,1
Jabber telegram stub buy sell malware c2 and stub rat sell c2 rat contact jabber buy fud fud stub fud crypter crypter botnet the c2 crypter fud rat...,Fud c2 fud stub malware botnet sell botnet c2 rat botnet c2 contact stub rat sell stub c2 rat botnet sell crypter rat fud the fud rat jabber sell rat fud buy c2 rat fud sell botnet malware...,1
The botnet crypter c2 crypter telegram telegram sell buy crypter rat stub sell buy and telegram malware rat contact jabber stub rat telegram crypter telegram fud...,BOTNET STUB C2 RAT CRYPTER STUB STUB BUY AND!!!,1
Crypter botnet fud for stub stub crypter rat the and c2 rat buy crypter buy fud and the crypter c2...,For malware malware botnet sell botnet rat fud stub fud rat contact botnet the rat for malware fud for rat fud crypter telegram c2 c2 rat malware crypter for botnet fud fud...,1
Fud rat crypter jabber stub buy crypter crypter the crypter for crypter malware malware sell sell and rat fud botnet fud telegram botnet fud rat buy crypter...,Rat c2 c2 telegram buy stub malware fud the botnet and crypter contact rat crypter jabber fud crypter stub the and malware stub fud fud malware botnet for the crypter rat c2 stub rat fud rat rat c2 for crypter...,1
For botnet stub c2 jabber sell c2 fud botnet for c2 malware botnet malware fud c2 fud sell and crypter malware c2 crypter rat sell stub...,The botnet crypter c2 crypter telegram telegram sell buy crypter rat stub sell buy and telegram malware rat contact jabber stub rat telegram crypter telegram fud...,1
The cpanel buy webshell buy rdp access citrix citrix access buy jabber citrix webshell citrix jabber access rdp shell vpn shell rdp contact access citrix access rdp access cpanel jabber citrix cpanel buy webshell contact...,VPN WEBSHELL WEBSHELL ACCESS RDP JABBER WEBSHELL ACCESS RDP CPANEL SELL SHELL CITRIX TELEGRAM JABBER CPANEL CPANEL TELEGRAM RDP SHELL TELEGRAM SHELL CITRIX SHELL?!,1
CITRIX THE RDP ACCESS WEBSHELL JABBER ACCESS ACCESS WEBSHELL ACCESS RDP VPN SHELL SELL CPANEL THE CITRIX CITRIX FOR SHELL AND VPN AND VPN SHELL CITRIX WEBSHELL VPN WEBSHELL ACCESS THE CPANEL ACCESS?!,VPN WEBSHELL WEBSHELL ACCESS RDP JABBER WEBSHELL ACCESS RDP CPANEL SELL SHELL CITRIX TELEGRAM JABBER CPANEL CPANEL TELEGRAM RDP SHELL TELEGRAM SHELL CITRIX SHELL?!,1
WEBSHELL CPANEL RDP AND CPANEL ACCESS CONTACT ACCESS VPN VPN CPANEL ACCESS ACCESS VPN CONTACT RDP WEBSHELL CONTACT CPANEL RDP CITRIX ACCESS ACCESS VPN SHELL CPANEL ACCESS THE CPANEL?!,SHELL THE ACCESS SHELL CITRIX VPN JABBER AND CONTACT SELL VPN ACCESS CITRIX BUY CPANEL CPANEL CONTACT TELEGRAM SHELL ACCESS FOR ACCESS TELEGRAM CPANEL SHELL JABBER CPANEL RDP CPANEL CITRIX SHELL RDP CITRIX?!,1
WEBSHELL CPANEL RDP AND CPANEL ACCESS CONTACT ACCESS VPN VPN CPANEL ACCESS ACCESS VPN CONTACT RDP WEBSHELL CONTACT CPANEL RDP CITRIX ACCESS ACCESS VPN SHELL CPANEL ACCESS THE CPANEL?!,RDP SHELL RDP BUY VPN VPN VPN ACCESS WEBSHELL SHELL VPN SHELL VPN WEBSHELL VPN ACCESS FOR CONTACT FOR SELL TELEGRAM SHELL CITRIX RDP SHELL?!,1
CITRIX THE RDP ACCESS WEBSHELL JABBER ACCESS ACCESS WEBSHELL ACCESS RDP VPN SHELL SELL CPANEL THE CITRIX CITRIX FOR SHELL AND VPN AND VPN SHELL CITRIX WEBSHELL VPN WEBSHELL ACCESS THE CPANEL ACCESS?!,WEBSHELL THE RDP FOR FOR CONTACT VPN WEBSHELL SHELL FOR VPN WEBSHELL CONTACT CPANEL CPANEL CPANEL SELL VPN AND CPANEL CITRIX ACCESS CPANEL SELL ACCESS CITRIX CITRIX VPN?!,1
VPN WEBSHELL WEBSHELL ACCESS RDP JABBER WEBSHELL ACCESS RDP CPANEL SELL SHELL CITRIX TELEGRAM JABBER CPANEL CPANEL TELEGRAM RDP SHELL TELEGRAM SHELL CITRIX SHELL?!,RDP SHELL RDP BUY VPN VPN VPN ACCESS WEBSHELL SHELL VPN SHELL VPN WEBSHELL VPN ACCESS FOR CONTACT FOR SELL TELEGRAM SHELL CITRIX RDP SHELL?!,1
WEBSHELL THE RDP FOR FOR CONTACT VPN WEBSHELL SHELL FOR VPN WEBSHELL CONTACT CPANEL CPANEL CPANEL SELL VPN AND CPANEL CITRIX ACCESS CPANEL SELL ACCESS CITRIX CITRIX VPN?!,ACCESS AND CPANEL VPN SHELL VPN CITRIX WEBSHELL RDP ACCESS THE CPANEL VPN THE VPN RDP ACCESS CPANEL RDP BUY CPANEL?!,1
AND ACCESS SELL VPN WEBSHELL RDP CPANEL VPN SHELL TELEGRAM SHELL CITRIX FOR CITRIX VPN CPANEL CITRIX CPANEL ACCESS ACCESS SHELL?!,VPN RDP RDP SELL SHELL WEBSHELL SHELL CONTACT RDP SELL RDP SELL THE CITRIX CPANEL CPANEL FOR WEBSHELL CPANEL VPN CITRIX CITRIX ACCESS SHELL THE?!,1
VPN WEBSHELL WEBSHELL ACCESS RDP JABBER WEBSHELL ACCESS RDP CPANEL SELL SHELL CITRIX TELEGRAM JABBER CPANEL CPANEL TELEGRAM RDP SHELL TELEGRAM SHELL CITRIX SHELL?!,ACCESS AND CPANEL VPN SHELL VPN CITRIX WEBSHELL RDP ACCESS THE CPANEL VPN THE VPN RDP ACCESS CPANEL RDP BUY CPANEL?!,1
VPN RDP RDP SELL SHELL WEBSHELL SHELL CONTACT RDP SELL RDP SELL THE CITRIX CPANEL CPANEL FOR WEBSHELL CPANEL VPN CITRIX CITRIX ACCESS SHELL THE?!,SHELL CITRIX ACCESS RDP ACCESS CPANEL ACCESS CONTACT VPN SHELL RDP JABBER SHELL SHELL RDP SHELL CPANEL CPANEL TELEGRAM CONTACT CPANEL ACCESS?!,1
THE FOR ACCESS TELEGRAM WEBSHELL TELEGRAM FOR CONTACT BUY VPN ACCESS WEBSHELL CPANEL SHELL ACCESS RDP FOR THE WEBSHELL SHELL WEBSHELL VPN VPN?!,SHELL THE ACCESS SHELL CITRIX VPN JABBER AND CONTACT SELL VPN ACCESS CITRIX BUY CPANEL CPANEL CONTACT TELEGRAM SHELL ACCESS FOR ACCESS TELEGRAM CPANEL SHELL JABBER CPANEL RDP CPANEL CITRIX SHELL RDP CITRIX?!,1
SHELL THE ACCESS SHELL CITRIX VPN JABBER AND CONTACT SELL VPN ACCESS CITRIX BUY CPANEL CPANEL CONTACT TELEGRAM SHELL ACCESS FOR ACCESS TELEGRAM CPANEL SHELL JABBER CPANEL RDP CPANEL CITRIX SHELL RDP CITRIX?!,CITRIX THE RDP ACCESS WEBSHELL JABBER ACCESS ACCESS WEBSHELL ACCESS RDP VPN SHELL SELL CPANEL THE CITRIX CITRIX FOR SHELL AND VPN AND VPN SHELL CITRIX WEBSHELL VPN WEBSHELL ACCESS THE CPANEL ACCESS?!,1
AND ACCESS SELL VPN WEBSHELL RDP CPANEL VPN SHELL TELEGRAM SHELL CITRIX FOR CITRIX VPN CPANEL CITRIX CPANEL ACCESS ACCESS SHELL?!,WEBSHELL THE RDP FOR FOR CONTACT VPN WEBSHELL SHELL FOR VPN WEBSHELL CONTACT CPANEL CPANEL CPANEL SELL VPN AND CPANEL CITRIX ACCESS CPANEL SELL ACCESS CITRIX CITRIX VPN?!,1
RDP SHELL RDP BUY VPN VPN VPN ACCESS WEBSHELL SHELL VPN SHELL VPN WEBSHELL VPN ACCESS FOR CONTACT FOR SELL TELEGRAM SHELL CITRIX RDP SHELL?!,THE FOR ACCESS TELEGRAM WEBSHELL TELEGRAM FOR CONTACT BUY VPN ACCESS WEBSHELL CPANEL SHELL ACCESS RDP FOR THE WEBSHELL SHELL WEBSHELL VPN VPN?!,1
RDP SHELL RDP BUY VPN VPN VPN ACCESS WEBSHELL SHELL VPN SHELL VPN WEBSHELL VPN ACCESS FOR CONTACT FOR SELL TELEGRAM SHELL CITRIX RDP SHELL?!,WEBSHELL CPANEL RDP AND CPANEL ACCESS CONTACT ACCESS VPN VPN CPANEL ACCESS ACCESS VPN CONTACT RDP WEBSHELL CONTACT CPANEL RDP CITRIX ACCESS ACCESS VPN SHELL CPANEL ACCESS THE CPANEL?!,1
VPN WEBSHELL WEBSHELL ACCESS RDP JABBER WEBSHELL ACCESS RDP CPANEL SELL SHELL CITRIX TELEGRAM JABBER CPANEL CPANEL TELEGRAM RDP SHELL TELEGRAM SHELL CITRIX SHELL?!,THE FOR ACCESS TELEGRAM WEBSHELL TELEGRAM FOR CONTACT BUY VPN ACCESS WEBSHELL CPANEL SHELL ACCESS RDP FOR THE WEBSHELL SHELL WEBSHELL VPN VPN?!,1
ACCESS AND CPANEL VPN SHELL VPN CITRIX WEBSHELL RDP ACCESS THE CPANEL VPN THE VPN RDP ACCESS CPANEL RDP BUY CPANEL?!,SHELL CITRIX ACCESS RDP ACCESS CPANEL ACCESS CONTACT VPN SHELL RDP JABBER SHELL SHELL RDP SHELL CPANEL CPANEL TELEGRAM CONTACT CPANEL ACCESS?!,1
AND ACCESS SELL VPN WEBSHELL RDP CPANEL VPN SHELL TELEGRAM SHELL CITRIX FOR CITRIX VPN CPANEL CITRIX CPANEL ACCESS ACCESS SHELL?!,VPN RDP RDP SELL SHELL WEBSHELL SHELL CONTACT RDP SELL RDP SELL THE CITRIX CPANEL CPANEL FOR WEBSHELL CPANEL VPN CITRIX CITRIX ACCESS SHELL THE?!,1
WEBSHELL CPANEL RDP AND CPANEL ACCESS CONTACT ACCESS VPN VPN CPANEL ACCESS ACCESS VPN CONTACT RDP WEBSHELL CONTACT CPANEL RDP CITRIX ACCESS ACCESS VPN SHELL CPANEL ACCESS THE CPANEL?!,AND ACCESS SELL VPN WEBSHELL RDP CPANEL VPN SHELL TELEGRAM SHELL CITRIX FOR CITRIX VPN CPANEL CITRIX CPANEL ACCESS ACCESS SHELL?!,1
RDP SHELL RDP BUY VPN VPN VPN ACCESS WEBSHELL SHELL VPN SHELL VPN WEBSHELL VPN ACCESS FOR CONTACT FOR SELL TELEGRAM SHELL CITRIX RDP SHELL?!,ACCESS AND CPANEL VPN SHELL VPN CITRIX WEBSHELL RDP ACCESS THE CPANEL VPN THE VPN RDP ACCESS CPANEL RDP BUY CPANEL?!,1
CVV DUMPS FULLZ CVV FULLZ CVV BUY CVV AND TRACK2 DUMPS CVV CONTACT JABBER TRACK2 TRACK2 CREDIT SELL DUMPS TRACK2 TRACK2 CVV FOR BUY AND TRACK2 CONTACT TRACK2 BUY CVV CREDIT?!,Track2 fullz sell track2 credit jabber sell fullz dumps track1 track2 the and fullz credit fullz credit fullz credit contact fullz and track2 cvv for fullz cvv track1...,1
AND BUY CREDIT TRACK1 CREDIT DUMPS CVV SELL!!!,FULLZ CREDIT BUY DUMPS CVV TELEGRAM FOR FOR!!!,1
Track2 cvv fullz telegram track2 track1 track1 dumps track1 contact credit track1 credit the dumps credit track1 dumps cvv sell cvv credit...,FULLZ CREDIT BUY DUMPS CVV TELEGRAM FOR FOR!!!,1
AND BUY CREDIT TRACK1 CREDIT DUMPS CVV SELL!!!,Track2 cvv fullz telegram track2 track1 track1 dumps track1 contact credit track1 credit the dumps credit track1 dumps cvv sell cvv credit...,1
AND BUY CREDIT TRACK1 CREDIT DUMPS CVV SELL!!!,Track2 fullz sell track2 credit jabber sell fullz dumps track1 track2 the and fullz credit fullz credit fullz credit contact fullz and track2 cvv for fullz cvv track1...,1
FULLZ CREDIT BUY DUMPS CVV TELEGRAM FOR FOR!!!,Track2 cvv fullz telegram track2 track1 track1 dumps track1 contact credit track1 credit the dumps credit track1 dumps cvv sell cvv credit...,1
FULLZ TRACK1 TRACK1 JABBER DUMPS TRACK1 BUY TRACK1!!!,Track2 fullz sell track2 credit jabber sell fullz dumps track1 track2 the and fullz credit fullz credit fullz credit contact fullz and track2 cvv for fullz cvv track1...,1
Dumps credit track1 fullz telegram telegram cvv sell track1 track2 fullz cvv sell sell for sell contact jabber the track1 telegram credit fullz and credit cvv track1 track2 the credit fullz jabber track1 credit credit track2 track1...,FULLZ TRACK1 TRACK1 JABBER DUMPS TRACK1 BUY TRACK1!!!,1
CVV DUMPS FULLZ CVV FULLZ CVV BUY CVV AND TRACK2 DUMPS CVV CONTACT JABBER TRACK2 TRACK2 CREDIT SELL DUMPS TRACK2 TRACK2 CVV FOR BUY AND TRACK2 CONTACT TRACK2 BUY CVV CREDIT?!,CVV BUY TELEGRAM TRACK1 TRACK2 TRACK1 FOR!!!,1
CREDIT FULLZ TRACK1 THE FOR SELL CVV TRACK1 CVV FOR TELEGRAM CVV SELL AND DUMPS DUMPS SELL CREDIT CVV CONTACT TELEGRAM CREDIT DUMPS CVV TRACK1 CREDIT DUMPS CVV FOR TRACK1 TRACK2?!,AND BUY CREDIT TRACK1 CREDIT DUMPS CVV SELL!!!,1
Dumps credit track1 fullz telegram telegram cvv sell track1 track2 fullz cvv sell sell for sell contact jabber the track1 telegram credit fullz and credit cvv track1 track2 the credit fullz jabber track1 credit credit track2 track1...,FULLZ TRACK1 TRACK1 JABBER DUMPS TRACK1 BUY TRACK1!!!,1
Dumps credit track1 fullz telegram telegram cvv sell track1 track2 fullz cvv sell sell for sell contact jabber the track1 telegram credit fullz and credit cvv track1 track2 the credit fullz jabber track1 credit credit track2 track1...,FULLZ CREDIT BUY DUMPS CVV TELEGRAM FOR FOR!!!,1
AND BUY CREDIT TRACK1 CREDIT DUMPS CVV SELL!!!,Track2 fullz sell track2 credit jabber sell fullz dumps track1 track2 the and fullz credit fullz credit fullz credit contact fullz and track2 cvv for fullz cvv track1...,1
CVV DUMPS FULLZ CVV FULLZ CVV BUY CVV AND TRACK2 DUMPS CVV CONTACT JABBER TRACK2 TRACK2 CREDIT SELL DUMPS TRACK2 TRACK2 CVV FOR BUY AND TRACK2 CONTACT TRACK2 BUY CVV CREDIT?!,AND BUY CREDIT TRACK1 CREDIT DUMPS CVV SELL!!!,1
CVV DUMPS FULLZ CVV FULLZ CVV BUY CVV AND TRACK2 DUMPS CVV CONTACT JABBER TRACK2 TRACK2 CREDIT SELL DUMPS TRACK2 TRACK2 CVV FOR BUY AND TRACK2 CONTACT TRACK2 BUY CVV CREDIT?!,Dumps credit track1 fullz telegram telegram cvv sell track1 track2 fullz cvv sell sell for sell contact jabber the track1 telegram credit fullz and credit cvv track1 track2 the credit fullz jabber track1 credit credit track2 track1...,1
Track2 fullz sell track2 credit jabber sell fullz dumps track1 track2 the and fullz credit fullz credit fullz credit contact fullz and track2 cvv for fullz cvv track1...,CREDIT FULLZ TRACK1 THE FOR SELL CVV TRACK1 CVV FOR TELEGRAM CVV SELL AND DUMPS DUMPS SELL CREDIT CVV CONTACT TELEGRAM CREDIT DUMPS CVV TRACK1 CREDIT DUMPS CVV FOR TRACK1 TRACK2?!,1
CREDIT FULLZ TRACK1 THE FOR SELL CVV TRACK1 CVV FOR TELEGRAM CVV SELL AND DUMPS DUMPS SELL CREDIT CVV CONTACT TELEGRAM CREDIT DUMPS CVV TRACK1 CREDIT DUMPS CVV FOR TRACK1 TRACK2?!,Track2 cvv fullz telegram track2 track1 track1 dumps track1 contact credit track1 credit the dumps credit track1 dumps cvv sell cvv credit...,1
FULLZ CREDIT BUY DUMPS CVV TELEGRAM FOR FOR!!!,CVV DUMPS FULLZ CVV FULLZ CVV BUY CVV AND TRACK2 DUMPS CVV CONTACT JABBER TRACK2 TRACK2 CREDIT SELL DUMPS TRACK2 TRACK2 CVV FOR BUY AND TRACK2 CONTACT TRACK2 BUY CVV CREDIT?!,1
FULLZ TRACK1 TRACK1 JABBER DUMPS TRACK1 BUY TRACK1!!!,AND BUY CREDIT TRACK1 CREDIT DUMPS CVV SELL!!!,1
Dumps credit track1 fullz telegram telegram cvv sell track1 track2 fullz cvv sell sell for sell contact jabber the track1 telegram credit fullz and credit cvv track1 track2 the credit fullz jabber track1 credit credit track2 track1...,FULLZ CREDIT BUY DUMPS CVV TELEGRAM FOR FOR!!!,1
Telegram privesc exploit rce poc 0day and poc privesc buy and cve buy cve 0day exploit rce exploit exploit and the rce the contact poc exploit privesc poc for payload rce and payload payload the contact rce.,Cve buy poc buy payload sell privesc sell poc poc payload sell 0day poc rce privesc sell exploit poc jabber poc privesc 0day and privesc poc cve contact 0day...,1
Jabber jabber payload privesc poc poc exploit cve rce exploit buy exploit payload rce jabber cve rce and rce 0day privesc the sell 0day cve poc 0day and exploit exploit 0day and.,Payload exploit for and 0day cve telegram 0day jabber 0day exploit buy exploit privesc rce payload privesc contact poc 0day poc poc payload privesc and rce jabber telegram and.,1
Cve buy poc buy payload sell privesc sell poc poc payload sell 0day poc rce privesc sell exploit poc jabber poc privesc 0day and privesc poc cve contact 0day...,Privesc poc privesc for jabber 0day cve 0day buy the exploit poc exploit payload exploit poc the poc for the telegram cve cve sell rce poc buy 0day privesc for rce...,1
Jabber exploit privesc cve exploit payload privesc poc for privesc rce privesc poc privesc payload 0day buy cve 0day poc 0day and cve poc payload exploit exploit buy privesc the jabber buy and payload exploit.,Rat rat crypter fud fud malware fud crypter malware crypter crypter telegram crypter crypter rat stub crypter c2 botnet crypter rat rat.,1
Payload exploit for and 0day cve telegram 0day jabber 0day exploit buy exploit privesc rce payload privesc contact poc 0day poc poc payload privesc and rce jabber telegram and.,Cve buy poc buy payload sell privesc sell poc poc payload sell 0day poc rce privesc sell exploit poc jabber poc privesc 0day and privesc poc cve contact 0day...,1
Privesc poc privesc for jabber 0day cve 0day buy the exploit poc exploit payload exploit poc the poc for the telegram cve cve sell rce poc buy 0day privesc for rce...,Poc 0day and contact 0day 0day rce payload payload 0day 0day cve payload jabber privesc rce poc cve poc payload payload exploit cve cve poc.,1
Exploit privesc rce payload payload and rce privesc cve privesc privesc contact and rce privesc privesc contact and and privesc exploit jabber privesc poc contact buy sell exploit exploit rce exploit exploit cve cve exploit cve.,Poc poc poc and 0day cve payload privesc poc exploit cve exploit telegram sell exploit poc 0day 0day exploit jabber cve rce poc.,1
Jabber jabber payload privesc poc poc exploit cve rce exploit buy exploit payload rce jabber cve rce and rce 0day privesc the sell 0day cve poc 0day and exploit exploit 0day and.,Cve buy poc buy payload sell privesc sell poc poc payload sell 0day poc rce privesc sell exploit poc jabber poc privesc 0day and privesc poc cve contact 0day...,1
Privesc poc privesc for jabber 0day cve 0day buy the exploit poc exploit payload exploit poc the poc for the telegram cve cve sell rce poc buy 0day privesc for rce...,Poc poc rce for payload poc cve the rce payload poc rce 0day contact telegram privesc buy payload privesc cve sell cve for.,1
Cve buy poc buy payload sell privesc sell poc poc payload sell 0day poc rce privesc sell exploit poc jabber poc privesc 0day and privesc poc cve contact 0day...,Exploit rce payload and exploit contact and 0day 0day sell 0day contact rce sell cve cve exploit privesc rce the poc sell cve 0day rce telegram payload cve rce for poc buy privesc for privesc privesc cve rce rce.,1
Rat rat crypter fud fud malware fud crypter malware crypter crypter telegram crypter crypter rat stub crypter c2 botnet crypter rat rat.,Exploit rce payload and exploit contact and 0day 0day sell 0day contact rce sell cve cve exploit privesc rce the poc sell cve 0day rce telegram payload cve rce for poc buy privesc for privesc privesc cve rce rce.,1
Exploit privesc rce payload payload and rce privesc cve privesc privesc contact and rce privesc privesc contact and and privesc exploit jabber privesc poc contact buy sell exploit exploit rce exploit exploit cve cve exploit cve.,Poc privesc poc payload payload rce and 0day privesc payload privesc cve payload contact payload 0day buy poc poc cve 0day poc telegram contact poc contact exploit the 0day poc.,1
Poc poc rce for payload poc cve the rce payload poc rce 0day contact telegram privesc buy payload privesc cve sell cve for.,Jabber exploit privesc cve exploit payload privesc poc for privesc rce privesc poc privesc payload 0day buy cve 0day poc 0day and cve poc payload exploit exploit buy privesc the jabber buy and payload exploit.,1
Poc poc rce for payload poc cve the rce payload poc rce 0day contact telegram privesc buy payload privesc cve sell cve for.,Privesc poc privesc for jabber 0day cve 0day buy the exploit poc exploit payload exploit poc the poc for the telegram cve cve sell rce poc buy 0day privesc for rce...,1
Rat rat crypter fud fud malware fud crypter malware crypter crypter telegram crypter crypter rat stub crypter c2 botnet crypter rat rat.,Telegram privesc exploit rce poc 0day and poc privesc buy and cve buy cve 0day exploit rce exploit exploit and the rce the contact poc exploit privesc poc for payload rce and payload payload the contact rce.,1
Privesc poc privesc for jabber 0day cve 0day buy the exploit poc exploit payload exploit poc the poc for the telegram cve cve sell rce poc buy 0day privesc for rce...,Exploit privesc rce payload payload and rce privesc cve privesc privesc contact and rce privesc privesc contact and and privesc exploit jabber privesc poc contact buy sell exploit exploit rce exploit exploit cve cve exploit cve.,1
Poc poc rce for payload poc cve the rce payload poc rce 0day contact telegram privesc buy payload privesc cve sell cve for.,Rat rat crypter fud fud malware fud crypter malware crypter crypter telegram crypter crypter rat stub crypter c2 botnet crypter rat rat.,1
Payload exploit for and 0day cve telegram 0day jabber 0day exploit buy exploit privesc rce payload privesc contact poc 0day poc poc payload privesc and rce jabber telegram and.,Poc 0day and contact 0day 0day rce payload payload 0day 0day cve payload jabber privesc rce poc cve poc payload payload exploit cve cve poc.,1
Exploit privesc rce payload payload and rce privesc cve privesc privesc contact and rce privesc privesc contact and and privesc exploit jabber privesc poc contact buy sell exploit exploit rce exploit exploit cve cve exploit cve.,Cve buy poc buy payload sell privesc sell poc poc payload sell 0day poc rce privesc sell exploit poc jabber poc privesc 0day and privesc poc cve contact 0day...,1
Poc 0day and contact 0day 0day rce payload payload 0day 0day cve payload jabber privesc rce poc cve poc payload payload exploit cve cve poc.,Privesc poc privesc for jabber 0day cve 0day buy the exploit poc exploit payload exploit poc the poc for the telegram cve cve sell rce poc buy 0day privesc for rce...,1
CVE RCE CONTACT EXPLOIT JABBER PRIVESC SELL 0DAY EXPLOIT PRIVESC PRIVESC POC 0DAY EXPLOIT 0DAY PRIVESC JABBER PAYLOAD CVE PRIVESC RCE POC RCE PAYLOAD EXPLOIT FOR POC CONTACT PAYLOAD EXPLOIT CVE POC POC TELEGRAM EXPLOIT AND PAYLOAD PRIVESC FOR PAYLOAD?!,CVE EXPLOIT PAYLOAD JABBER RCE PAYLOAD TELEGRAM EXPLOIT PRIVESC CVE EXPLOIT EXPLOIT PAYLOAD CVE EXPLOIT POC PRIVESC PAYLOAD FOR 0DAY PAYLOAD PAYLOAD PAYLOAD RCE PAYLOAD 0DAY CONTACT TELEGRAM CVE CVE RCE SELL EXPLOIT?!,1
CVE EXPLOIT PAYLOAD JABBER RCE PAYLOAD TELEGRAM EXPLOIT PRIVESC CVE EXPLOIT EXPLOIT PAYLOAD CVE EXPLOIT POC PRIVESC PAYLOAD FOR 0DAY PAYLOAD PAYLOAD PAYLOAD RCE PAYLOAD 0DAY CONTACT TELEGRAM CVE CVE RCE SELL EXPLOIT?!,PAYLOAD BUY CVE PRIVESC POC EXPLOIT EXPLOIT POC POC CVE EXPLOIT CVE EXPLOIT CONTACT JABBER CVE PRIVESC TELEGRAM AND THE PRIVESC EXPLOIT RCE PAYLOAD BUY POC CVE CONTACT FOR RCE POC CONTACT RCE BUY?!,1
SELL CVE EXPLOIT RCE 0DAY RCE PRIVESC RCE 0DAY 0DAY PRIVESC TELEGRAM CVE BUY POC POC AND RCE POC 0DAY PRIVESC EXPLOIT JABBER POC BUY JABBER CVE 0DAY POC CONTACT SELL THE SELL POC POC RCE AND RCE FOR?!,PAYLOAD BUY CVE PRIVESC POC EXPLOIT EXPLOIT POC POC CVE EXPLOIT CVE EXPLOIT CONTACT JABBER CVE PRIVESC TELEGRAM AND THE PRIVESC EXPLOIT RCE PAYLOAD BUY POC CVE CONTACT FOR RCE POC CONTACT RCE BUY?!,1
SELL CVE EXPLOIT RCE 0DAY RCE PRIVESC RCE 0DAY 0DAY PRIVESC TELEGRAM CVE BUY POC POC AND RCE POC 0DAY PRIVESC EXPLOIT JABBER POC BUY JABBER CVE 0DAY POC CONTACT SELL THE SELL POC POC RCE AND RCE FOR?!,PAYLOAD RCE RCE PAYLOAD CVE BUY PRIVESC EXPLOIT EXPLOIT 0DAY FOR PAYLOAD CVE CVE JABBER POC TELEGRAM JABBER CVE EXPLOIT POC EXPLOIT CVE PAYLOAD TELEGRAM CVE PRIVESC AND EXPLOIT FOR RCE?!,1
FOR PAYLOAD EXPLOIT POC AND BUY CVE PAYLOAD FOR EXPLOIT FOR CONTACT PRIVESC EXPLOIT JABBER CVE POC THE BUY PRIVESC BUY PAYLOAD POC EXPLOIT AND BUY EXPLOIT RCE EXPLOIT TELEGRAM AND?!,PAYLOAD RCE RCE PAYLOAD CVE BUY PRIVESC EXPLOIT EXPLOIT 0DAY FOR PAYLOAD CVE CVE JABBER POC TELEGRAM JABBER CVE EXPLOIT POC EXPLOIT CVE PAYLOAD TELEGRAM CVE PRIVESC AND EXPLOIT FOR RCE?!,1
PRIVESC SELL EXPLOIT POC AND POC PAYLOAD PRIVESC POC CVE POC EXPLOIT SELL BUY PAYLOAD SELL PAYLOAD AND POC PRIVESC PRIVESC FOR PAYLOAD RCE?!,FOR PAYLOAD EXPLOIT POC AND BUY CVE PAYLOAD FOR EXPLOIT FOR CONTACT PRIVESC EXPLOIT JABBER CVE POC THE BUY PRIVESC BUY PAYLOAD POC EXPLOIT AND BUY EXPLOIT RCE EXPLOIT TELEGRAM AND?!,1
CVE TELEGRAM CVE EXPLOIT CONTACT PRIVESC 0DAY 0DAY CVE RCE FOR PAYLOAD PRIVESC CVE PAYLOAD 0DAY RCE THE POC TELEGRAM JABBER POC POC RCE RCE PAYLOAD 0DAY RCE?!,FOR PAYLOAD EXPLOIT POC AND BUY CVE PAYLOAD FOR EXPLOIT FOR CONTACT PRIVESC EXPLOIT JABBER CVE POC THE BUY PRIVESC BUY PAYLOAD POC EXPLOIT AND BUY EXPLOIT RCE EXPLOIT TELEGRAM AND?!,1
And sell rce cve poc sell payload poc exploit sell 0day jabber rce buy payload sell poc rce exploit 0day poc exploit the rce exploit contact contact buy rce rce payload privesc buy cve exploit and for...,TELEGRAM THE POC AND POC 0DAY BUY SELL FOR AND PAYLOAD 0DAY PRIVESC 0DAY 0DAY POC EXPLOIT 0DAY PAYLOAD AND POC PAYLOAD TELEGRAM TELEGRAM CVE 0DAY AND?!,1
PRIVESC SELL EXPLOIT POC AND POC PAYLOAD PRIVESC POC CVE POC EXPLOIT SELL BUY PAYLOAD SELL PAYLOAD AND POC PRIVESC PRIVESC FOR PAYLOAD RCE?!,And sell rce cve poc sell payload poc exploit sell 0day jabber rce buy payload sell poc rce exploit 0day poc exploit the rce exploit contact contact buy rce rce payload privesc buy cve exploit and for...,1
CVE TELEGRAM CVE EXPLOIT CONTACT PRIVESC 0DAY 0DAY CVE RCE FOR PAYLOAD PRIVESC CVE PAYLOAD 0DAY RCE THE POC TELEGRAM JABBER POC POC RCE RCE PAYLOAD 0DAY RCE?!,CVE EXPLOIT PAYLOAD JABBER RCE PAYLOAD TELEGRAM EXPLOIT PRIVESC CVE EXPLOIT EXPLOIT PAYLOAD CVE EXPLOIT POC PRIVESC PAYLOAD FOR 0DAY PAYLOAD PAYLOAD PAYLOAD RCE PAYLOAD 0DAY CONTACT TELEGRAM CVE CVE RCE SELL EXPLOIT?!,1
FOR PAYLOAD EXPLOIT POC AND BUY CVE PAYLOAD FOR EXPLOIT FOR CONTACT PRIVESC EXPLOIT JABBER CVE POC THE BUY PRIVESC BUY PAYLOAD POC EXPLOIT AND BUY EXPLOIT RCE EXPLOIT TELEGRAM AND?!,The sell contact payload 0day poc privesc privesc rce jabber payload poc telegram sell cve privesc privesc exploit telegram rce 0day payload the rce the sell for 0day exploit jabber payload...,1
SELL CVE EXPLOIT RCE 0DAY RCE PRIVESC RCE 0DAY 0DAY PRIVESC TELEGRAM CVE BUY POC POC AND RCE POC 0DAY PRIVESC EXPLOIT JABBER POC BUY JABBER CVE 0DAY POC CONTACT SELL THE SELL POC POC RCE AND RCE FOR?!,CVE TELEGRAM CVE EXPLOIT CONTACT PRIVESC 0DAY 0DAY CVE RCE FOR PAYLOAD PRIVESC CVE PAYLOAD 0DAY RCE THE POC TELEGRAM JABBER POC POC RCE RCE PAYLOAD 0DAY RCE?!,1
CVE RCE CONTACT EXPLOIT JABBER PRIVESC SELL 0DAY EXPLOIT PRIVESC PRIVESC POC 0DAY EXPLOIT 0DAY PRIVESC JABBER PAYLOAD CVE PRIVESC RCE POC RCE PAYLOAD EXPLOIT FOR POC CONTACT PAYLOAD EXPLOIT CVE POC POC TELEGRAM EXPLOIT AND PAYLOAD PRIVESC FOR PAYLOAD?!,PRIVESC SELL EXPLOIT POC AND POC PAYLOAD PRIVESC POC CVE POC EXPLOIT SELL BUY PAYLOAD SELL PAYLOAD AND POC PRIVESC PRIVESC FOR PAYLOAD RCE?!,1
TELEGRAM RCE JABBER POC EXPLOIT THE EXPLOIT CVE SELL POC PRIVESC EXPLOIT EXPLOIT RCE PAYLOAD PAYLOAD PRIVESC BUY PAYLOAD 0DAY CONTACT?!,CVE TELEGRAM CVE EXPLOIT CONTACT PRIVESC 0DAY 0DAY CVE RCE FOR PAYLOAD PRIVESC CVE PAYLOAD 0DAY RCE THE POC TELEGRAM JABBER POC POC RCE RCE PAYLOAD 0DAY RCE?!,1
TELEGRAM RCE JABBER POC EXPLOIT THE EXPLOIT CVE SELL POC PRIVESC EXPLOIT EXPLOIT RCE PAYLOAD PAYLOAD PRIVESC BUY PAYLOAD 0DAY CONTACT?!,CVE TELEGRAM CVE EXPLOIT CONTACT PRIVESC 0DAY 0DAY CVE RCE FOR PAYLOAD PRIVESC CVE PAYLOAD 0DAY RCE THE POC TELEGRAM JABBER POC POC RCE RCE PAYLOAD 0DAY RCE?!,1
And sell rce cve poc sell payload poc exploit sell 0day jabber rce buy payload sell poc rce exploit 0day poc exploit the rce exploit contact contact buy rce rce payload privesc buy cve exploit and for...,CVE EXPLOIT PAYLOAD JABBER RCE PAYLOAD TELEGRAM EXPLOIT PRIVESC CVE EXPLOIT EXPLOIT PAYLOAD CVE EXPLOIT POC PRIVESC PAYLOAD FOR 0DAY PAYLOAD PAYLOAD PAYLOAD RCE PAYLOAD 0DAY CONTACT TELEGRAM CVE CVE RCE SELL EXPLOIT?!,1
CVE RCE CONTACT EXPLOIT JABBER PRIVESC SELL 0DAY EXPLOIT PRIVESC PRIVESC POC 0DAY EXPLOIT 0DAY PRIVESC JABBER PAYLOAD CVE PRIVESC RCE POC RCE PAYLOAD EXPLOIT FOR POC CONTACT PAYLOAD EXPLOIT CVE POC POC TELEGRAM EXPLOIT AND PAYLOAD PRIVESC FOR PAYLOAD?!,PAYLOAD RCE RCE PAYLOAD CVE BUY PRIVESC EXPLOIT EXPLOIT 0DAY FOR PAYLOAD CVE CVE JABBER POC TELEGRAM JABBER CVE EXPLOIT POC EXPLOIT CVE PAYLOAD TELEGRAM CVE PRIVESC AND EXPLOIT FOR RCE?!,1
POC EXPLOIT PAYLOAD RCE CVE 0DAY PAYLOAD CVE EXPLOIT CVE FOR BUY EXPLOIT CVE PAYLOAD PRIVESC PRIVESC PAYLOAD 0DAY SELL PAYLOAD PAYLOAD 0DAY THE PRIVESC EXPLOIT BUY EXPLOIT PRIVESC 0DAY BUY CVE POC AND 0DAY PRIVESC PRIVESC PRIVESC EXPLOIT CVE?!,SELL CVE EXPLOIT RCE 0DAY RCE PRIVESC RCE 0DAY 0DAY PRIVESC TELEGRAM CVE BUY POC POC AND RCE POC 0DAY PRIVESC EXPLOIT JABBER POC BUY JABBER CVE 0DAY POC CONTACT SELL THE SELL POC POC RCE AND RCE FOR?!,1
TELEGRAM RCE JABBER POC EXPLOIT THE EXPLOIT CVE SELL POC PRIVESC EXPLOIT EXPLOIT RCE PAYLOAD PAYLOAD PRIVESC BUY PAYLOAD 0DAY CONTACT?!,PAYLOAD BUY CVE PRIVESC POC EXPLOIT EXPLOIT POC POC CVE EXPLOIT CVE EXPLOIT CONTACT JABBER CVE PRIVESC TELEGRAM AND THE PRIVESC EXPLOIT RCE PAYLOAD BUY POC CVE CONTACT FOR RCE POC CONTACT RCE BUY?!,1
PAYLOAD RCE RCE PAYLOAD CVE BUY PRIVESC EXPLOIT EXPLOIT 0DAY FOR PAYLOAD CVE CVE JABBER POC TELEGRAM JABBER CVE EXPLOIT POC EXPLOIT CVE PAYLOAD TELEGRAM CVE PRIVESC AND EXPLOIT FOR RCE?!,POC EXPLOIT PAYLOAD RCE CVE 0DAY PAYLOAD CVE EXPLOIT CVE FOR BUY EXPLOIT CVE PAYLOAD PRIVESC PRIVESC PAYLOAD 0DAY SELL PAYLOAD PAYLOAD 0DAY THE PRIVESC EXPLOIT BUY EXPLOIT PRIVESC 0DAY BUY CVE POC AND 0DAY PRIVESC PRIVESC PRIVESC EXPLOIT CVE?!,1
CVE EXPLOIT FOR EXPLOIT THE RCE BUY SELL PRIVESC CVE SELL EXPLOIT SELL PAYLOAD 0DAY BUY SELL JABBER CVE PAYLOAD PRIVESC JABBER RCE TELEGRAM PAYLOAD JABBER CVE RCE TELEGRAM EXPLOIT BUY SELL SELL EXPLOIT PAYLOAD CONTACT EXPLOIT PRIVESC CVE?!,C2 botnet stub rat rat botnet rat crypter rat crypter buy contact the rat rat malware crypter malware c2 crypter c2 contact c2 rat stub botnet the botnet rat malware sell botnet botnet crypter sell crypter stub.,1
0day contact cve buy sell 0day contact 0day and 0day rce cve payload the buy 0day exploit for and exploit cve jabber telegram payload rce exploit exploit and rce cve contact telegram 0day contact exploit rce exploit the buy.,0day exploit and 0day rce buy and cve payload sell jabber jabber privesc payload telegram cve cve sell 0day exploit the 0day exploit rce for contact 0day rce 0day for payload rce and jabber poc jabber 0day cve poc cve.,1
CVE EXPLOIT FOR EXPLOIT THE RCE BUY SELL PRIVESC CVE SELL EXPLOIT SELL PAYLOAD 0DAY BUY SELL JABBER CVE PAYLOAD PRIVESC JABBER RCE TELEGRAM PAYLOAD JABBER CVE RCE TELEGRAM EXPLOIT BUY SELL SELL EXPLOIT PAYLOAD CONTACT EXPLOIT PRIVESC CVE?!,PAYLOAD PRIVESC 0DAY 0DAY EXPLOIT AND PAYLOAD PAYLOAD EXPLOIT 0DAY JABBER FOR PAYLOAD PRIVESC RCE CVE POC PRIVESC POC THE CVE EXPLOIT PRIVESC THE PAYLOAD EXPLOIT?!,1
Poc contact 0day jabber poc privesc 0day privesc payload exploit cve jabber the the rce rce poc rce and payload telegram privesc poc buy 0day payload sell.,Buy contact contact rce exploit buy 0day privesc payload privesc 0day poc 0day telegram poc 0day contact jabber 0day the privesc sell payload privesc the contact exploit payload.,1
Privesc cve 0day privesc the poc exploit payload privesc exploit exploit cve exploit contact jabber exploit payload for poc cve exploit exploit the 0day 0day the exploit exploit.,Privesc 0day privesc cve for cve cve poc jabber payload 0day sell rce rce cve payload contact the payload payload privesc privesc poc cve payload payload privesc 0day telegram the contact privesc poc privesc poc payload for sell exploit the.,1
0day contact cve buy sell 0day contact 0day and 0day rce cve payload the buy 0day exploit for and exploit cve jabber telegram payload rce exploit exploit and rce cve contact telegram 0day contact exploit rce exploit the buy.,Buy contact contact rce exploit buy 0day privesc payload privesc 0day poc 0day telegram poc 0day contact jabber 0day the privesc sell payload privesc the contact exploit payload.,1
0day buy rce privesc and privesc contact exploit contact 0day sell exploit exploit poc payload exploit exploit payload payload rce for privesc payload payload 0day exploit.,Buy contact contact rce exploit buy 0day privesc payload privesc 0day poc 0day telegram poc 0day contact jabber 0day the privesc sell payload privesc the contact exploit payload.,1
Privesc rce rce buy privesc rce payload telegram and cve jabber for poc sell rce telegram contact poc rce payload sell poc.,0day exploit and 0day rce buy and cve payload sell jabber jabber privesc payload telegram cve cve sell 0day exploit the 0day exploit rce for contact 0day rce 0day for payload rce and jabber poc jabber 0day cve poc cve.,1
0day buy rce privesc and privesc contact exploit contact 0day sell exploit exploit poc payload exploit exploit payload payload rce for privesc payload payload 0day exploit.,Buy contact contact rce exploit buy 0day privesc payload privesc 0day poc 0day telegram poc 0day contact jabber 0day the privesc sell payload privesc the contact exploit payload.,1
CVE EXPLOIT FOR EXPLOIT THE RCE BUY SELL PRIVESC CVE SELL EXPLOIT SELL PAYLOAD 0DAY BUY SELL JABBER CVE PAYLOAD PRIVESC JABBER RCE TELEGRAM PAYLOAD JABBER CVE RCE TELEGRAM EXPLOIT BUY SELL SELL EXPLOIT PAYLOAD CONTACT EXPLOIT PRIVESC CVE?!,Poc contact 0day jabber poc privesc 0day privesc payload exploit cve jabber the the rce rce poc rce and payload telegram privesc poc buy 0day payload sell.,1
Poc contact 0day jabber poc privesc 0day privesc payload exploit cve jabber the the rce rce poc rce and payload telegram privesc poc buy 0day payload sell.,PAYLOAD PRIVESC 0DAY 0DAY EXPLOIT AND PAYLOAD PAYLOAD EXPLOIT 0DAY JABBER FOR PAYLOAD PRIVESC RCE CVE POC PRIVESC POC THE CVE EXPLOIT PRIVESC THE PAYLOAD EXPLOIT?!,1
Poc contact 0day jabber poc privesc 0day privesc payload exploit cve jabber the the rce rce poc rce and payload telegram privesc poc buy 0day payload sell.,PAYLOAD PRIVESC 0DAY 0DAY EXPLOIT AND PAYLOAD PAYLOAD EXPLOIT 0DAY JABBER FOR PAYLOAD PRIVESC RCE CVE POC PRIVESC POC THE CVE EXPLOIT PRIVESC THE PAYLOAD EXPLOIT?!,1
0day exploit and 0day rce buy and cve payload sell jabber jabber privesc payload telegram cve cve sell 0day exploit the 0day exploit rce for contact 0day rce 0day for payload rce and jabber poc jabber 0day cve poc cve.,Privesc 0day privesc cve for cve cve poc jabber payload 0day sell rce rce cve payload contact the payload payload privesc privesc poc cve payload payload privesc 0day telegram the contact privesc poc privesc poc payload for sell exploit the.,1
CVE EXPLOIT FOR EXPLOIT THE RCE BUY SELL PRIVESC CVE SELL EXPLOIT SELL PAYLOAD 0DAY BUY SELL JABBER CVE PAYLOAD PRIVESC JABBER RCE TELEGRAM PAYLOAD JABBER CVE RCE TELEGRAM EXPLOIT BUY SELL SELL EXPLOIT PAYLOAD CONTACT EXPLOIT PRIVESC CVE?!,C2 botnet stub rat rat botnet rat crypter rat crypter buy contact the rat rat malware crypter malware c2 crypter c2 contact c2 rat stub botnet the botnet rat malware sell botnet botnet crypter sell crypter stub.,1
PAYLOAD PRIVESC 0DAY 0DAY EXPLOIT AND PAYLOAD PAYLOAD EXPLOIT 0DAY JABBER FOR PAYLOAD PRIVESC RCE CVE POC PRIVESC POC THE CVE EXPLOIT PRIVESC THE PAYLOAD EXPLOIT?!,Buy contact contact rce exploit buy 0day privesc payload privesc 0day poc 0day telegram poc 0day contact jabber 0day the privesc sell payload privesc the contact exploit payload.,1
Buy contact contact rce exploit buy 0day privesc payload privesc 0day poc 0day telegram poc 0day contact jabber 0day the privesc sell payload privesc the contact exploit payload.,Exploit cve 0day cve cve exploit 0day exploit poc exploit exploit sell exploit cve poc rce exploit poc exploit exploit buy rce exploit and contact sell cve for privesc and telegram cve privesc 0day payload payload jabber payload.,1
PAYLOAD PRIVESC 0DAY 0DAY EXPLOIT AND PAYLOAD PAYLOAD EXPLOIT 0DAY JABBER FOR PAYLOAD PRIVESC RCE CVE POC PRIVESC POC THE CVE EXPLOIT PRIVESC THE PAYLOAD EXPLOIT?!,Poc contact 0day jabber poc privesc 0day privesc payload exploit cve jabber the the rce rce poc rce and payload telegram privesc poc buy 0day payload sell.,1
Exploit cve 0day cve cve exploit 0day exploit poc exploit exploit sell exploit cve poc rce exploit poc exploit exploit buy rce exploit and contact sell cve for privesc and telegram cve privesc 0day payload payload jabber payload.,CVE EXPLOIT FOR EXPLOIT THE RCE BUY SELL PRIVESC CVE SELL EXPLOIT SELL PAYLOAD 0DAY BUY SELL JABBER CVE PAYLOAD PRIVESC JABBER RCE TELEGRAM PAYLOAD JABBER CVE RCE TELEGRAM EXPLOIT BUY SELL SELL EXPLOIT PAYLOAD CONTACT EXPLOIT PRIVESC CVE?!,1
C2 botnet stub rat rat botnet rat crypter rat crypter buy contact the rat rat malware crypter malware c2 crypter c2 contact c2 rat stub botnet the botnet rat malware sell botnet botnet crypter sell crypter stub.,Poc contact 0day jabber poc privesc 0day privesc payload exploit cve jabber the the rce rce poc rce and payload telegram privesc poc buy 0day payload sell.,1
Privesc cve 0day privesc the poc exploit payload privesc exploit exploit cve exploit contact jabber exploit payload for poc cve exploit exploit the 0day 0day the exploit exploit.,Poc contact 0day jabber poc privesc 0day privesc payload exploit cve jabber the the rce rce poc rce and payload telegram privesc poc buy 0day payload sell.,1
CREDIT CVV CREDIT TRACK2 CVV!!!,JABBER CVV TELEGRAM JABBER TRACK1 TRACK1 CREDIT DUMPS FULLZ!!!,1
CREDIT CVV CREDIT TRACK2 CVV!!!,BOTNET THE AND C2 CRYPTER BUY CONTACT CRYPTER!!!,1
FOR FULLZ CREDIT CVV FOR FULLZ!!!,JABBER CVV TELEGRAM JABBER TRACK1 TRACK1 CREDIT DUMPS FULLZ!!!,1
FOR FULLZ CREDIT CVV FOR FULLZ!!!,BOTNET THE AND C2 CRYPTER BUY CONTACT CRYPTER!!!,1
CVV CONTACT CREDIT BUY TELEGRAM FULLZ TRACK2!!!,FOR FULLZ CREDIT CVV FOR FULLZ!!!,1
COMBO SQL HASH DUMP LEAK COMBO HASH SQL!!!,THE FOR DUMPS TRACK1 CVV CVV SELL AND!!!,1
THE FOR DUMPS TRACK1 CVV CVV SELL AND!!!,CREDIT CVV CREDIT TRACK2 CVV!!!,1
BOTNET THE AND C2 CRYPTER BUY CONTACT CRYPTER!!!,COMBO SQL HASH DUMP LEAK COMBO HASH SQL!!!,1
BOTNET THE AND C2 CRYPTER BUY CONTACT CRYPTER!!!,COMBO SQL HASH DUMP LEAK COMBO HASH SQL!!!,1
THE FOR DUMPS TRACK1 CVV CVV SELL AND!!!,BOTNET THE AND C2 CRYPTER BUY CONTACT CRYPTER!!!,1
THE FOR DUMPS TRACK1 CVV CVV SELL AND!!!,TRACK1 FULLZ AND TRACK2 TRACK1 JABBER DUMPS!!!,1
CVV CONTACT CREDIT BUY TELEGRAM FULLZ TRACK2!!!,COMBO SQL HASH DUMP LEAK COMBO HASH SQL!!!,1
JABBER TRACK2 CONTACT THE CREDIT DUMPS DUMPS TELEGRAM BUY TELEGRAM!!!,TRACK1 FULLZ AND TRACK2 TRACK1 JABBER DUMPS!!!,1
CVV CONTACT CREDIT BUY TELEGRAM FULLZ TRACK2!!!,BOTNET THE AND C2 CRYPTER BUY CONTACT CRYPTER!!!,1
CREDIT CVV CREDIT TRACK2 CVV!!!,JABBER CVV TELEGRAM JABBER TRACK1 TRACK1 CREDIT DUMPS FULLZ!!!,1
BOTNET THE AND C2 CRYPTER BUY CONTACT CRYPTER!!!,CVV CONTACT CREDIT BUY TELEGRAM FULLZ TRACK2!!!,1
CVV CONTACT CREDIT BUY TELEGRAM FULLZ TRACK2!!!,JABBER CVV TELEGRAM JABBER TRACK1 TRACK1 CREDIT DUMPS FULLZ!!!,1
JABBER TRACK2 CONTACT THE CREDIT DUMPS DUMPS TELEGRAM BUY TELEGRAM!!!,THE FOR DUMPS TRACK1 CVV CVV SELL AND!!!,1
JABBER CVV TELEGRAM JABBER TRACK1 TRACK1 CREDIT DUMPS FULLZ!!!,TRACK1 FULLZ AND TRACK2 TRACK1 JABBER DUMPS!!!,1
CREDIT CVV CREDIT TRACK2 CVV!!!,JABBER TRACK2 CONTACT THE CREDIT DUMPS DUMPS TELEGRAM BUY TELEGRAM!!!,1
CPANEL ACCESS WEBSHELL RDP ACCESS CITRIX JABBER VPN SHELL THE ACCESS JABBER SELL RDP RDP TELEGRAM SELL AND CONTACT CPANEL CPANEL JABBER SHELL WEBSHELL CPANEL RDP CPANEL CITRIX RDP JABBER ACCESS AND?!,And track1 buy track1 track2 fullz cvv dumps telegram dumps cvv fullz and jabber the and credit for fullz credit telegram fullz sell for telegram sell track1 cvv track2 fullz telegram cvv track1 and telegram for track1 dumps contact dumps.,1
Dumps track1 the sell track1 track1 buy the track1 telegram buy credit credit dumps track1 fullz fullz dumps dumps track2 contact track2 and.,FOR SELL CONTACT FULLZ TELEGRAM FULLZ TRACK2 CREDIT!!!,1
And track1 buy track1 track2 fullz cvv dumps telegram dumps cvv fullz and jabber the and credit for fullz credit telegram fullz sell for telegram sell track1 cvv track2 fullz telegram cvv track1 and telegram for track1 dumps contact dumps.,Cvv and track1 sell fullz and credit track1 credit cvv track1 track2 dumps credit dumps telegram dumps cvv track1 cvv sell credit cvv cvv the telegram cvv credit jabber track2 dumps track2 fullz telegram fullz track2 track2 cvv for for.,1
And cvv dumps track2 fullz credit dumps the buy fullz sell cvv dumps credit the credit track2 telegram fullz fullz fullz contact track1 sell track2 credit.,Buy telegram cvv dumps jabber cvv track2 fullz dumps dumps dumps cvv jabber cvv for track2 telegram contact credit credit dumps dumps credit track1 fullz track1 fullz.,1
Cvv and track1 sell fullz and credit track1 credit cvv track1 track2 dumps credit dumps telegram dumps cvv track1 cvv sell credit cvv cvv the telegram cvv credit jabber track2 dumps track2 fullz telegram fullz track2 track2 cvv for for.,Dumps track1 the sell track1 track1 buy the track1 telegram buy credit credit dumps track1 fullz fullz dumps dumps track2 contact track2 and.,1
CPANEL ACCESS WEBSHELL RDP ACCESS CITRIX JABBER VPN SHELL THE ACCESS JABBER SELL RDP RDP TELEGRAM SELL AND CONTACT CPANEL CPANEL JABBER SHELL WEBSHELL CPANEL RDP CPANEL CITRIX RDP JABBER ACCESS AND?!,Cvv track1 for fullz credit and track2 credit the cvv cvv telegram telegram for telegram jabber cvv fullz track2 track1 telegram fullz cvv contact dumps the track1 fullz fullz.,1
Dumps track1 the sell track1 track1 buy the track1 telegram buy credit credit dumps track1 fullz fullz dumps dumps track2 contact track2 and.,CPANEL ACCESS WEBSHELL RDP ACCESS CITRIX JABBER VPN SHELL THE ACCESS JABBER SELL RDP RDP TELEGRAM SELL AND CONTACT CPANEL CPANEL JABBER SHELL WEBSHELL CPANEL RDP CPANEL CITRIX RDP JABBER ACCESS AND?!,1
CPANEL ACCESS WEBSHELL RDP ACCESS CITRIX JABBER VPN SHELL THE ACCESS JABBER SELL RDP RDP TELEGRAM SELL AND CONTACT CPANEL CPANEL JABBER SHELL WEBSHELL CPANEL RDP CPANEL CITRIX RDP JABBER ACCESS AND?!,And cvv dumps track2 fullz credit dumps the buy fullz sell cvv dumps credit the credit track2 telegram fullz fullz fullz contact track1 sell track2 credit.,1
Cvv track1 for fullz credit and track2 credit the cvv cvv telegram telegram for telegram jabber cvv fullz track2 track1 telegram fullz cvv contact dumps the track1 fullz fullz.,And cvv dumps track2 fullz credit dumps the buy fullz sell cvv dumps credit the credit track2 telegram fullz fullz fullz contact track1 sell track2 credit.,1
Track2 telegram dumps credit track2 jabber track2 dumps fullz contact and track1 the track1 fullz for track2 the dumps dumps buy telegram fullz dumps track2 telegram and dumps track1 fullz.,Buy telegram cvv dumps jabber cvv track2 fullz dumps dumps dumps cvv jabber cvv for track2 telegram contact credit credit dumps dumps credit track1 fullz track1 fullz.,1
Cvv track1 for fullz credit and track2 credit the cvv cvv telegram telegram for telegram jabber cvv fullz track2 track1 telegram fullz cvv contact dumps the track1 fullz fullz.,Dumps track1 the sell track1 track1 buy the track1 telegram buy credit credit dumps track1 fullz fullz dumps dumps track2 contact track2 and.,1
Track2 telegram dumps credit track2 jabber track2 dumps fullz contact and track1 the track1 fullz for track2 the dumps dumps buy telegram fullz dumps track2 telegram and dumps track1 fullz.,Dumps track1 the sell track1 track1 buy the track1 telegram buy credit credit dumps track1 fullz fullz dumps dumps track2 contact track2 and.,1
Dumps track1 the sell track1 track1 buy the track1 telegram buy credit credit dumps track1 fullz fullz dumps dumps track2 contact track2 and.,CPANEL ACCESS WEBSHELL RDP ACCESS CITRIX JABBER VPN SHELL THE ACCESS JABBER SELL RDP RDP TELEGRAM SELL AND CONTACT CPANEL CPANEL JABBER SHELL WEBSHELL CPANEL RDP CPANEL CITRIX RDP JABBER ACCESS AND?!,1
Cvv and track1 sell fullz and credit track1 credit cvv track1 track2 dumps credit dumps telegram dumps cvv track1 cvv sell credit cvv cvv the telegram cvv credit jabber track2 dumps track2 fullz telegram fullz track2 track2 cvv for for.,FOR SELL CONTACT FULLZ TELEGRAM FULLZ TRACK2 CREDIT!!!,1
CPANEL ACCESS WEBSHELL RDP ACCESS CITRIX JABBER VPN SHELL THE ACCESS JABBER SELL RDP RDP TELEGRAM SELL AND CONTACT CPANEL CPANEL JABBER SHELL WEBSHELL CPANEL RDP CPANEL CITRIX RDP JABBER ACCESS AND?!,Buy telegram cvv dumps jabber cvv track2 fullz dumps dumps dumps cvv jabber cvv for track2 telegram contact credit credit dumps dumps credit track1 fullz track1 fullz.,1
Cvv track1 for fullz credit and track2 credit the cvv cvv telegram telegram for telegram jabber cvv fullz track2 track1 telegram fullz cvv contact dumps the track1 fullz fullz.,FOR SELL CONTACT FULLZ TELEGRAM FULLZ TRACK2 CREDIT!!!,1
FOR SELL CONTACT FULLZ TELEGRAM FULLZ TRACK2 CREDIT!!!,CPANEL ACCESS WEBSHELL RDP ACCESS CITRIX JABBER VPN SHELL THE ACCESS JABBER SELL RDP RDP TELEGRAM SELL AND CONTACT CPANEL CPANEL JABBER SHELL WEBSHELL CPANEL RDP CPANEL CITRIX RDP JABBER ACCESS AND?!,1
And cvv dumps track2 fullz credit dumps the buy fullz sell cvv dumps credit the credit track2 telegram fullz fullz fullz contact track1 sell track2 credit.,Buy telegram cvv dumps jabber cvv track2 fullz dumps dumps dumps cvv jabber cvv for track2 telegram contact credit credit dumps dumps credit track1 fullz track1 fullz.,1
CPANEL ACCESS WEBSHELL RDP ACCESS CITRIX JABBER VPN SHELL THE ACCESS JABBER SELL RDP RDP TELEGRAM SELL AND CONTACT CPANEL CPANEL JABBER SHELL WEBSHELL CPANEL RDP CPANEL CITRIX RDP JABBER ACCESS AND?!,And cvv dumps track2 fullz credit dumps the buy fullz sell cvv dumps credit the credit track2 telegram fullz fullz fullz contact track1 sell track2 credit.,1
Dumps fullz buy cvv cvv fullz cvv fullz cvv fullz credit track1 track2 cvv and dumps cvv cvv cvv dumps sell for and track2 track2 fullz for cvv.,And cvv dumps track2 fullz credit dumps the buy fullz sell cvv dumps credit the credit track2 telegram fullz fullz fullz contact track1 sell track2 credit.,1
Cve privesc buy and for poc exploit payload jabber the and the payload poc and telegram payload 0day payload poc exploit exploit the poc for payload buy contact poc rce cve poc cve rce buy rce rce payload and exploit...,Cve privesc exploit cve exploit payload poc privesc and payload 0day 0day privesc buy contact poc sell exploit sell exploit poc cve payload...,1
Poc cve payload rce exploit poc jabber privesc for jabber 0day rce and and for 0day payload rce privesc jabber cve rce rce payload sell poc...,POC 0DAY PRIVESC AND PAYLOAD!!!,1
Shell shell rdp telegram access shell vpn telegram cpanel shell citrix citrix contact rdp access telegram the access webshell shell buy cpanel citrix cpanel contact cpanel citrix contact access citrix shell access access shell citrix citrix the and vpn...,Payload cve privesc 0day rce poc cve 0day 0day contact cve rce jabber poc the payload rce 0day payload privesc privesc exploit poc cve cve privesc...,1
FULLZ TRACK2 DUMPS CVV THE DUMPS FULLZ!!!,Telegram fullz track1 for dumps cvv the credit track1 for cvv track2 dumps credit fullz track1 buy dumps credit contact contact sell fullz fullz cvv credit sell track1 and credit track2 jabber cvv credit fullz contact...,1
Contact malware malware rat botnet for malware crypter stub telegram fud c2 rat c2 stub rat the for rat contact and malware crypter fud crypter contact for buy jabber...,Telegram rce privesc exploit poc buy 0day privesc jabber payload privesc cve 0day privesc telegram poc rce payload cve cve exploit rce cve rce exploit payload poc rce cve payload rce rce for telegram cve rce 0day cve for privesc...,1
For cvv track1 credit fullz track2 track1 cvv credit buy dumps track1 cvv dumps buy cvv track2 track1 telegram fullz credit jabber cvv for dumps contact track1 credit track1 fullz track1 track1 track1 the telegram...,Telegram rce privesc exploit poc buy 0day privesc jabber payload privesc cve 0day privesc telegram poc rce payload cve cve exploit rce cve rce exploit payload poc rce cve payload rce rce for telegram cve rce 0day cve for privesc...,1
Telegram rce privesc exploit poc buy 0day privesc jabber payload privesc cve 0day privesc telegram poc rce payload cve cve exploit rce cve rce exploit payload poc rce cve payload rce rce for telegram cve rce 0day cve for privesc...,Poc cve payload rce exploit poc jabber privesc for jabber 0day rce and and for 0day payload rce privesc jabber cve rce rce payload sell poc...,1
Vpn jabber shell citrix jabber vpn vpn rdp vpn webshell sell citrix rdp webshell access shell the shell jabber webshell shell vpn rdp cpanel for telegram citrix rdp webshell...,Cve privesc exploit cve exploit payload poc privesc and payload 0day 0day privesc buy contact poc sell exploit sell exploit poc cve payload...,1
Payload cve privesc 0day rce poc cve 0day 0day contact cve rce jabber poc the payload rce 0day payload privesc privesc exploit poc cve cve privesc...,Payload 0day cve privesc 0day telegram cve privesc payload the rce payload exploit exploit buy buy payload rce poc poc 0day...,1
Shell shell rdp telegram access shell vpn telegram cpanel shell citrix citrix contact rdp access telegram the access webshell shell buy cpanel citrix cpanel contact cpanel citrix contact access citrix shell access access shell citrix citrix the and vpn...,Payload 0day cve privesc 0day telegram cve privesc payload the rce payload exploit exploit buy buy payload rce poc poc 0day...,1
POC 0DAY PRIVESC AND PAYLOAD!!!,Vpn jabber shell citrix jabber vpn vpn rdp vpn webshell sell citrix rdp webshell access shell the shell jabber webshell shell vpn rdp cpanel for telegram citrix rdp webshell...,1
POC 0DAY PRIVESC AND PAYLOAD!!!,Vpn jabber shell citrix jabber vpn vpn rdp vpn webshell sell citrix rdp webshell access shell the shell jabber webshell shell vpn rdp cpanel for telegram citrix rdp webshell...,1
Telegram poc for sell privesc exploit sell rce privesc cve the privesc rce 0day 0day exploit poc exploit privesc contact 0day exploit 0day...,Vpn jabber shell citrix jabber vpn vpn rdp vpn webshell sell citrix rdp webshell access shell the shell jabber webshell shell vpn rdp cpanel for telegram citrix rdp webshell...,1
POC 0DAY PRIVESC AND PAYLOAD!!!,Telegram rce privesc exploit poc buy 0day privesc jabber payload privesc cve 0day privesc telegram poc rce payload cve cve exploit rce cve rce exploit payload poc rce cve payload rce rce for telegram cve rce 0day cve for privesc...,1
Payload cve privesc 0day rce poc cve 0day 0day contact cve rce jabber poc the payload rce 0day payload privesc privesc exploit poc cve cve privesc...,Poc cve payload rce exploit poc jabber privesc for jabber 0day rce and and for 0day payload rce privesc jabber cve rce rce payload sell poc...,1
POC 0DAY PRIVESC AND PAYLOAD!!!,Poc cve payload rce exploit poc jabber privesc for jabber 0day rce and and for 0day payload rce privesc jabber cve rce rce payload sell poc...,1
Cve privesc exploit cve exploit payload poc privesc and payload 0day 0day privesc buy contact poc sell exploit sell exploit poc cve payload...,Telegram rce privesc exploit poc buy 0day privesc jabber payload privesc cve 0day privesc telegram poc rce payload cve cve exploit rce cve rce exploit payload poc rce cve payload rce rce for telegram cve rce 0day cve for privesc...,1
POC 0DAY PRIVESC AND PAYLOAD!!!,Poc cve payload rce exploit poc jabber privesc for jabber 0day rce and and for 0day payload rce privesc jabber cve rce rce payload sell poc...,1
Cve privesc exploit cve exploit payload poc privesc and payload 0day 0day privesc buy contact poc sell exploit sell exploit poc cve payload...,Telegram rce privesc exploit poc buy 0day privesc jabber payload privesc cve 0day privesc telegram poc rce payload cve cve exploit rce cve rce exploit payload poc rce cve payload rce rce for telegram cve rce 0day cve for privesc...,1
Payload 0day cve privesc 0day telegram cve privesc payload the rce payload exploit exploit buy buy payload rce poc poc 0day...,Poc exploit privesc payload contact poc jabber poc and contact exploit payload payload for privesc sell contact exploit cve telegram exploit poc privesc payload 0day buy sell telegram cve payload poc rce exploit.,1
DATABASE AND DATABASE SELL JABBER DATABASE!!!,COMBO COMBO SQL DUMP LEAK!!!,1
SELL COMBO BUY DATABASE HASH HASH HASH HASH SQL!!!,HASH FOR PASSWORDS THE LEAK TELEGRAM SQL TELEGRAM!!!,1
COMBO COMBO SQL DUMP LEAK!!!,JABBER FOR DUMP AND JABBER DUMP HASH PASSWORDS!!!,1
HASH FOR PASSWORDS THE LEAK TELEGRAM SQL TELEGRAM!!!,PASSWORDS AND DUMP BUY SELL BUY HASH!!!,1
SQL HASH SQL SQL COMBO PASSWORDS SQL DUMP HASH TELEGRAM LEAK COMBO AND FOR COMBO HASH AND DATABASE COMBO DATABASE DATABASE DATABASE JABBER CONTACT PASSWORDS?!,JABBER FOR DUMP AND JABBER DUMP HASH PASSWORDS!!!,1
HASH FOR PASSWORDS THE LEAK TELEGRAM SQL TELEGRAM!!!,PASSWORDS AND DUMP BUY SELL BUY HASH!!!,1
For combo leak telegram passwords hash telegram database for sql hash jabber for hash sell sql combo database passwords passwords hash jabber contact sql for database passwords dump jabber and database sql passwords combo sql database passwords the dump...,SQL THE AND DUMP THE SELL AND!!!,1
PASSWORDS AND DUMP BUY SELL BUY HASH!!!,DATABASE AND SELL JABBER COMBO DUMP CONTACT SELL DATABASE SQL!!!,1
SELL COMBO BUY DATABASE HASH HASH HASH HASH SQL!!!,HASH FOR PASSWORDS THE LEAK TELEGRAM SQL TELEGRAM!!!,1
SQL THE AND DUMP THE SELL AND!!!,DATABASE AND DATABASE SELL JABBER DATABASE!!!,1
JABBER FOR DUMP AND JABBER DUMP HASH PASSWORDS!!!,SQL HASH SQL SQL COMBO PASSWORDS SQL DUMP HASH TELEGRAM LEAK COMBO AND FOR COMBO HASH AND DATABASE COMBO DATABASE DATABASE DATABASE JABBER CONTACT PASSWORDS?!,1
JABBER FOR DUMP AND JABBER DUMP HASH PASSWORDS!!!,HASH FOR PASSWORDS THE LEAK TELEGRAM SQL TELEGRAM!!!,1
PASSWORDS AND DUMP BUY SELL BUY HASH!!!,DATABASE AND DATABASE SELL JABBER DATABASE!!!,1
JABBER FOR DUMP AND JABBER DUMP HASH PASSWORDS!!!,SQL THE AND DUMP THE SELL AND!!!,1
BUY COMBO SQL DATABASE SQL PASSWORDS DUMP JABBER LEAK!!!,PASSWORDS AND DUMP BUY SELL BUY HASH!!!,1
For combo leak telegram passwords hash telegram database for sql hash jabber for hash sell sql combo database passwords passwords hash jabber contact sql for database passwords dump jabber and database sql passwords combo sql database passwords the dump...,JABBER FOR DUMP AND JABBER DUMP HASH PASSWORDS!!!,1
SQL HASH SQL SQL COMBO PASSWORDS SQL DUMP HASH TELEGRAM LEAK COMBO AND FOR COMBO HASH AND DATABASE COMBO DATABASE DATABASE DATABASE JABBER CONTACT PASSWORDS?!,COMBO COMBO SQL DUMP LEAK!!!,1
BUY COMBO SQL DATABASE SQL PASSWORDS DUMP JABBER LEAK!!!,SELL COMBO BUY DATABASE HASH HASH HASH HASH SQL!!!,1
PASSWORDS AND DUMP BUY SELL BUY HASH!!!,HASH FOR PASSWORDS THE LEAK TELEGRAM SQL TELEGRAM!!!,1
SQL THE AND DUMP THE SELL AND!!!,BUY COMBO SQL DATABASE SQL PASSWORDS DUMP JABBER LEAK!!!,1
TRACK2 CREDIT FOR CVV TRACK1 TRACK1 CONTACT SELL DUMPS DUMPS CONTACT AND TRACK1 THE TRACK1 DUMPS TELEGRAM JABBER DUMPS DUMPS DUMPS THE TRACK1 AND CVV CREDIT FULLZ CREDIT DUMPS AND CREDIT TRACK2 CVV FULLZ THE FULLZ DUMPS CVV FOR FULLZ?!,CONTACT TELEGRAM TRACK2 TRACK2 CREDIT TRACK1 CVV CVV FULLZ JABBER CONTACT TRACK2 FULLZ CVV FOR THE CVV TRACK2 TELEGRAM FOR THE TELEGRAM TELEGRAM CREDIT SELL TRACK2 CREDIT CONTACT CVV FOR TRACK2?!,1
PAYLOAD EXPLOIT PAYLOAD RCE EXPLOIT PRIVESC POC BUY CVE POC RCE RCE RCE PRIVESC PRIVESC 0DAY SELL PRIVESC TELEGRAM POC CONTACT POC PAYLOAD PAYLOAD TELEGRAM POC RCE SELL 0DAY PAYLOAD AND CONTACT?!,CREDIT CONTACT DUMPS FULLZ FULLZ CREDIT DUMPS CREDIT FULLZ FULLZ FULLZ CVV TRACK2 FULLZ CREDIT CREDIT TRACK1 TRACK2 DUMPS FOR CVV FULLZ TRACK2 CREDIT CVV THE CVV?!,1
CREDIT CONTACT DUMPS FULLZ FULLZ CREDIT DUMPS CREDIT FULLZ FULLZ FULLZ CVV TRACK2 FULLZ CREDIT CREDIT TRACK1 TRACK2 DUMPS FOR CVV FULLZ TRACK2 CREDIT CVV THE CVV?!,TRACK2 CREDIT FOR CVV TRACK1 TRACK1 CONTACT SELL DUMPS DUMPS CONTACT AND TRACK1 THE TRACK1 DUMPS TELEGRAM JABBER DUMPS DUMPS DUMPS THE TRACK1 AND CVV CREDIT FULLZ CREDIT DUMPS AND CREDIT TRACK2 CVV FULLZ THE FULLZ DUMPS CVV FOR FULLZ?!,1
TRACK2 CREDIT FOR CVV TRACK1 TRACK1 CONTACT SELL DUMPS DUMPS CONTACT AND TRACK1 THE TRACK1 DUMPS TELEGRAM JABBER DUMPS DUMPS DUMPS THE TRACK1 AND CVV CREDIT FULLZ CREDIT DUMPS AND CREDIT TRACK2 CVV FULLZ THE FULLZ DUMPS CVV FOR FULLZ?!,AND CREDIT DUMPS CVV FULLZ CVV DUMPS FULLZ CVV FULLZ FULLZ TRACK1 CONTACT CVV AND FULLZ THE CONTACT TRACK2 DUMPS THE BUY THE JABBER FULLZ BUY SELL TRACK1 CREDIT CONTACT BUY?!,1
TRACK2 TRACK2 CVV FULLZ CREDIT CVV CREDIT SELL CVV CREDIT THE DUMPS AND TRACK2 TRACK2 BUY DUMPS CVV CVV DUMPS THE DUMPS FULLZ JABBER FOR DUMPS TRACK2 AND DUMPS TRACK1 TRACK1 DUMPS CONTACT DUMPS?!,DUMPS TRACK1 THE TRACK1 TRACK1 DUMPS CREDIT THE CREDIT TRACK1 AND TRACK1 TRACK1 FOR TRACK2 TRACK1 AND CREDIT FULLZ THE CONTACT TRACK1 TELEGRAM JABBER THE TRACK1 FULLZ CVV?!,1
TRACK2 CREDIT FOR CVV TRACK1 TRACK1 CONTACT SELL DUMPS DUMPS CONTACT AND TRACK1 THE TRACK1 DUMPS TELEGRAM JABBER DUMPS DUMPS DUMPS THE TRACK1 AND CVV CREDIT FULLZ CREDIT DUMPS AND CREDIT TRACK2 CVV FULLZ THE FULLZ DUMPS CVV FOR FULLZ?!,AND CREDIT DUMPS CVV FULLZ CVV DUMPS FULLZ CVV FULLZ FULLZ TRACK1 CONTACT CVV AND FULLZ THE CONTACT TRACK2 DUMPS THE BUY THE JABBER FULLZ BUY SELL TRACK1 CREDIT CONTACT BUY?!,1
TRACK2 TRACK2 CVV FULLZ CREDIT CVV CREDIT SELL CVV CREDIT THE DUMPS AND TRACK2 TRACK2 BUY DUMPS CVV CVV DUMPS THE DUMPS FULLZ JABBER FOR DUMPS TRACK2 AND DUMPS TRACK1 TRACK1 DUMPS CONTACT DUMPS?!,DUMPS CVV CREDIT TELEGRAM TRACK1 DUMPS FOR CREDIT!!!,1
AND CREDIT DUMPS CVV FULLZ CVV DUMPS FULLZ CVV FULLZ FULLZ TRACK1 CONTACT CVV AND FULLZ THE CONTACT TRACK2 DUMPS THE BUY THE JABBER FULLZ BUY SELL TRACK1 CREDIT CONTACT BUY?!,DUMPS FOR TRACK1 TELEGRAM JABBER FULLZ DUMPS THE THE CVV DUMPS DUMPS JABBER FULLZ CREDIT SELL CREDIT TELEGRAM AND BUY SELL TELEGRAM CVV FOR CREDIT FULLZ SELL?!,1
CONTACT TELEGRAM TRACK2 TRACK2 CREDIT TRACK1 CVV CVV FULLZ JABBER CONTACT TRACK2 FULLZ CVV FOR THE CVV TRACK2 TELEGRAM FOR THE TELEGRAM TELEGRAM CREDIT SELL TRACK2 CREDIT CONTACT CVV FOR TRACK2?!,DUMPS CVV CREDIT TELEGRAM TRACK1 DUMPS FOR CREDIT!!!,1
Credit sell contact track2 dumps dumps track1 and dumps dumps for dumps buy track2 cvv dumps dumps jabber cvv jabber dumps track1 fullz fullz track1 credit fullz telegram credit credit the track2 dumps dumps fullz and dumps track2 buy.,AND CREDIT DUMPS CVV FULLZ CVV DUMPS FULLZ CVV FULLZ FULLZ TRACK1 CONTACT CVV AND FULLZ THE CONTACT TRACK2 DUMPS THE BUY THE JABBER FULLZ BUY SELL TRACK1 CREDIT CONTACT BUY?!,1
DUMPS FOR TRACK1 TELEGRAM JABBER FULLZ DUMPS THE THE CVV DUMPS DUMPS JABBER FULLZ CREDIT SELL CREDIT TELEGRAM AND BUY SELL TELEGRAM CVV FOR CREDIT FULLZ SELL?!,RAT JABBER THE FOR STUB BUY CRYPTER RAT!!!,1
TRACK2 TRACK2 CVV FULLZ CREDIT CVV CREDIT SELL CVV CREDIT THE DUMPS AND TRACK2 TRACK2 BUY DUMPS CVV CVV DUMPS THE DUMPS FULLZ JABBER FOR DUMPS TRACK2 AND DUMPS TRACK1 TRACK1 DUMPS CONTACT DUMPS?!,AND TELEGRAM CONTACT JABBER RAT FUD CRYPTER SELL STUB C2 RAT RAT BOTNET TELEGRAM FOR THE RAT CRYPTER RAT C2?!,1
CREDIT CONTACT DUMPS FULLZ FULLZ CREDIT DUMPS CREDIT FULLZ FULLZ FULLZ CVV TRACK2 FULLZ CREDIT CREDIT TRACK1 TRACK2 DUMPS FOR CVV FULLZ TRACK2 CREDIT CVV THE CVV?!,RAT JABBER THE FOR STUB BUY CRYPTER RAT!!!,1
Credit sell contact track2 dumps dumps track1 and dumps dumps for dumps buy track2 cvv dumps dumps jabber cvv jabber dumps track1 fullz fullz track1 credit fullz telegram credit credit the track2 dumps dumps fullz and dumps track2 buy.,AND TELEGRAM CONTACT JABBER RAT FUD CRYPTER SELL STUB C2 RAT RAT BOTNET TELEGRAM FOR THE RAT CRYPTER RAT C2?!,1
DUMPS JABBER THE TRACK2 JABBER CREDIT CREDIT CREDIT TRACK2 CREDIT TRACK2 DUMPS BUY SELL FOR TRACK2 TRACK2 FULLZ THE DUMPS CVV TELEGRAM FOR CVV FULLZ TELEGRAM FULLZ CREDIT TRACK2 DUMPS?!,RAT JABBER THE FOR STUB BUY CRYPTER RAT!!!,1
PAYLOAD EXPLOIT PAYLOAD RCE EXPLOIT PRIVESC POC BUY CVE POC RCE RCE RCE PRIVESC PRIVESC 0DAY SELL PRIVESC TELEGRAM POC CONTACT POC PAYLOAD PAYLOAD TELEGRAM POC RCE SELL 0DAY PAYLOAD AND CONTACT?!,AND TELEGRAM CONTACT JABBER RAT FUD CRYPTER SELL STUB C2 RAT RAT BOTNET TELEGRAM FOR THE RAT CRYPTER RAT C2?!,1
Credit sell contact track2 dumps dumps track1 and dumps dumps for dumps buy track2 cvv dumps dumps jabber cvv jabber dumps track1 fullz fullz track1 credit fullz telegram credit credit the track2 dumps dumps fullz and dumps track2 buy.,DUMPS JABBER THE TRACK2 JABBER CREDIT CREDIT CREDIT TRACK2 CREDIT TRACK2 DUMPS BUY SELL FOR TRACK2 TRACK2 FULLZ THE DUMPS CVV TELEGRAM FOR CVV FULLZ TELEGRAM FULLZ CREDIT TRACK2 DUMPS?!,1
TRACK2 CREDIT FOR CVV TRACK1 TRACK1 CONTACT SELL DUMPS DUMPS CONTACT AND TRACK1 THE TRACK1 DUMPS TELEGRAM JABBER DUMPS DUMPS DUMPS THE TRACK1 AND CVV CREDIT FULLZ CREDIT DUMPS AND CREDIT TRACK2 CVV FULLZ THE FULLZ DUMPS CVV FOR FULLZ?!,RAT JABBER THE FOR STUB BUY CRYPTER RAT!!!,1
AND TELEGRAM CONTACT JABBER RAT FUD CRYPTER SELL STUB C2 RAT RAT BOTNET TELEGRAM FOR THE RAT CRYPTER RAT C2?!,AND CREDIT DUMPS CVV FULLZ CVV DUMPS FULLZ CVV FULLZ FULLZ TRACK1 CONTACT CVV AND FULLZ THE CONTACT TRACK2 DUMPS THE BUY THE JABBER FULLZ BUY SELL TRACK1 CREDIT CONTACT BUY?!,1
CONTACT TELEGRAM TRACK2 TRACK2 CREDIT TRACK1 CVV CVV FULLZ JABBER CONTACT TRACK2 FULLZ CVV FOR THE CVV TRACK2 TELEGRAM FOR THE TELEGRAM TELEGRAM CREDIT SELL TRACK2 CREDIT CONTACT CVV FOR TRACK2?!,TRACK2 TRACK2 CVV FULLZ CREDIT CVV CREDIT SELL CVV CREDIT THE DUMPS AND TRACK2 TRACK2 BUY DUMPS CVV CVV DUMPS THE DUMPS FULLZ JABBER FOR DUMPS TRACK2 AND DUMPS TRACK1 TRACK1 DUMPS CONTACT DUMPS?!,1
PAYLOAD CONTACT CONTACT AND RCE CVE JABBER PRIVESC FOR THE PAYLOAD PRIVESC POC PRIVESC PAYLOAD PRIVESC JABBER POC POC BUY AND JABBER PAYLOAD PAYLOAD EXPLOIT CONTACT SELL EXPLOIT CVE POC SELL?!,THE LEAK HASH CONTACT HASH LEAK FOR DUMP TELEGRAM CONTACT THE DUMP DATABASE HASH PASSWORDS LEAK COMBO LEAK JABBER THE THE SQL COMBO HASH DUMP COMBO DATABASE DUMP DATABASE AND LEAK PASSWORDS DUMP AND SQL DATABASE HASH?!,1
CITRIX SELL RDP CPANEL SHELL CITRIX AND TELEGRAM WEBSHELL VPN ACCESS ACCESS CPANEL TELEGRAM SHELL ACCESS RDP FOR ACCESS CPANEL JABBER CITRIX WEBSHELL SHELL SHELL?!,VPN ACCESS SHELL RDP TELEGRAM RDP THE CPANEL ACCESS WEBSHELL RDP WEBSHELL THE CONTACT BUY SHELL CPANEL CONTACT VPN JABBER THE WEBSHELL ACCESS CPANEL CONTACT WEBSHELL WEBSHELL CITRIX THE BUY VPN TELEGRAM RDP?!,1
WEBSHELL RDP CITRIX CITRIX SHELL CITRIX AND VPN CPANEL SELL CPANEL SHELL ACCESS JABBER VPN ACCESS RDP CPANEL JABBER CITRIX JABBER?!,PAYLOAD CONTACT CONTACT AND RCE CVE JABBER PRIVESC FOR THE PAYLOAD PRIVESC POC PRIVESC PAYLOAD PRIVESC JABBER POC POC BUY AND JABBER PAYLOAD PAYLOAD EXPLOIT CONTACT SELL EXPLOIT CVE POC SELL?!,1
WEBSHELL TELEGRAM CPANEL WEBSHELL WEBSHELL AND CITRIX WEBSHELL WEBSHELL CPANEL BUY CPANEL WEBSHELL AND CITRIX CITRIX ACCESS CPANEL CPANEL RDP CITRIX WEBSHELL SHELL SELL BUY TELEGRAM CITRIX ACCESS BUY JABBER ACCESS CPANEL ACCESS RDP SHELL WEBSHELL?!,VPN ACCESS SHELL RDP TELEGRAM RDP THE CPANEL ACCESS WEBSHELL RDP WEBSHELL THE CONTACT BUY SHELL CPANEL CONTACT VPN JABBER THE WEBSHELL ACCESS CPANEL CONTACT WEBSHELL WEBSHELL CITRIX THE BUY VPN TELEGRAM RDP?!,1
VPN VPN CPANEL WEBSHELL BUY SHELL SHELL VPN CITRIX RDP SELL RDP TELEGRAM WEBSHELL SHELL SHELL TELEGRAM SELL CONTACT FOR?!,PAYLOAD CONTACT CONTACT AND RCE CVE JABBER PRIVESC FOR THE PAYLOAD PRIVESC POC PRIVESC PAYLOAD PRIVESC JABBER POC POC BUY AND JABBER PAYLOAD PAYLOAD EXPLOIT CONTACT SELL EXPLOIT CVE POC SELL?!,1
VPN ACCESS SHELL RDP TELEGRAM RDP THE CPANEL ACCESS WEBSHELL RDP WEBSHELL THE CONTACT BUY SHELL CPANEL CONTACT VPN JABBER THE WEBSHELL ACCESS CPANEL CONTACT WEBSHELL WEBSHELL CITRIX THE BUY VPN TELEGRAM RDP?!,Cpanel shell sell cpanel citrix citrix jabber rdp shell buy cpanel cpanel webshell cpanel rdp and access webshell contact jabber cpanel...,1
VPN VPN CPANEL WEBSHELL BUY SHELL SHELL VPN CITRIX RDP SELL RDP TELEGRAM WEBSHELL SHELL SHELL TELEGRAM SELL CONTACT FOR?!,WEBSHELL RDP CITRIX CITRIX SHELL CITRIX AND VPN CPANEL SELL CPANEL SHELL ACCESS JABBER VPN ACCESS RDP CPANEL JABBER CITRIX JABBER?!,1
WEBSHELL TELEGRAM CPANEL WEBSHELL WEBSHELL AND CITRIX WEBSHELL WEBSHELL CPANEL BUY CPANEL WEBSHELL AND CITRIX CITRIX ACCESS CPANEL CPANEL RDP CITRIX WEBSHELL SHELL SELL BUY TELEGRAM CITRIX ACCESS BUY JABBER ACCESS CPANEL ACCESS RDP SHELL WEBSHELL?!,WEBSHELL RDP CITRIX CITRIX SHELL CITRIX AND VPN CPANEL SELL CPANEL SHELL ACCESS JABBER VPN ACCESS RDP CPANEL JABBER CITRIX JABBER?!,1
AND AND WEBSHELL SHELL SHELL BUY TELEGRAM RDP CITRIX CITRIX VPN CPANEL SHELL TELEGRAM CPANEL SELL SHELL CITRIX BUY TELEGRAM WEBSHELL BUY CITRIX CPANEL VPN CPANEL SELL?!,VPN ACCESS SHELL RDP TELEGRAM RDP THE CPANEL ACCESS WEBSHELL RDP WEBSHELL THE CONTACT BUY SHELL CPANEL CONTACT VPN JABBER THE WEBSHELL ACCESS CPANEL CONTACT WEBSHELL WEBSHELL CITRIX THE BUY VPN TELEGRAM RDP?!,1
Shell vpn shell webshell shell cpanel citrix webshell shell citrix webshell citrix buy cpanel cpanel and cpanel webshell cpanel for sell buy...,VPN VPN CPANEL WEBSHELL BUY SHELL SHELL VPN CITRIX RDP SELL RDP TELEGRAM WEBSHELL SHELL SHELL TELEGRAM SELL CONTACT FOR?!,1
WEBSHELL RDP CITRIX CITRIX SHELL CITRIX AND VPN CPANEL SELL CPANEL SHELL ACCESS JABBER VPN ACCESS RDP CPANEL JABBER CITRIX JABBER?!,THE LEAK HASH CONTACT HASH LEAK FOR DUMP TELEGRAM CONTACT THE DUMP DATABASE HASH PASSWORDS LEAK COMBO LEAK JABBER THE THE SQL COMBO HASH DUMP COMBO DATABASE DUMP DATABASE AND LEAK PASSWORDS DUMP AND SQL DATABASE HASH?!,1
AND AND WEBSHELL SHELL SHELL BUY TELEGRAM RDP CITRIX CITRIX VPN CPANEL SHELL TELEGRAM CPANEL SELL SHELL CITRIX BUY TELEGRAM WEBSHELL BUY CITRIX CPANEL VPN CPANEL SELL?!,THE LEAK HASH CONTACT HASH LEAK FOR DUMP TELEGRAM CONTACT THE DUMP DATABASE HASH PASSWORDS LEAK COMBO LEAK JABBER THE THE SQL COMBO HASH DUMP COMBO DATABASE DUMP DATABASE AND LEAK PASSWORDS DUMP AND SQL DATABASE HASH?!,1
WEBSHELL TELEGRAM CPANEL WEBSHELL WEBSHELL AND CITRIX WEBSHELL WEBSHELL CPANEL BUY CPANEL WEBSHELL AND CITRIX CITRIX ACCESS CPANEL CPANEL RDP CITRIX WEBSHELL SHELL SELL BUY TELEGRAM CITRIX ACCESS BUY JABBER ACCESS CPANEL ACCESS RDP SHELL WEBSHELL?!,AND AND WEBSHELL SHELL SHELL BUY TELEGRAM RDP CITRIX CITRIX VPN CPANEL SHELL TELEGRAM CPANEL SELL SHELL CITRIX BUY TELEGRAM WEBSHELL BUY CITRIX CPANEL VPN CPANEL SELL?!,1
AND AND WEBSHELL SHELL SHELL BUY TELEGRAM RDP CITRIX CITRIX VPN CPANEL SHELL TELEGRAM CPANEL SELL SHELL CITRIX BUY TELEGRAM WEBSHELL BUY CITRIX CPANEL VPN CPANEL SELL?!,PAYLOAD CONTACT CONTACT AND RCE CVE JABBER PRIVESC FOR THE PAYLOAD PRIVESC POC PRIVESC PAYLOAD PRIVESC JABBER POC POC BUY AND JABBER PAYLOAD PAYLOAD EXPLOIT CONTACT SELL EXPLOIT CVE POC SELL?!,1
SHELL CITRIX CONTACT CPANEL WEBSHELL AND CPANEL CITRIX CONTACT CONTACT CPANEL SHELL CITRIX VPN RDP SHELL ACCESS JABBER SHELL WEBSHELL?!,THE LEAK HASH CONTACT HASH LEAK FOR DUMP TELEGRAM CONTACT THE DUMP DATABASE HASH PASSWORDS LEAK COMBO LEAK JABBER THE THE SQL COMBO HASH DUMP COMBO DATABASE DUMP DATABASE AND LEAK PASSWORDS DUMP AND SQL DATABASE HASH?!,1
VPN VPN CPANEL WEBSHELL BUY SHELL SHELL VPN CITRIX RDP SELL RDP TELEGRAM WEBSHELL SHELL SHELL TELEGRAM SELL CONTACT FOR?!,PAYLOAD CONTACT CONTACT AND RCE CVE JABBER PRIVESC FOR THE PAYLOAD PRIVESC POC PRIVESC PAYLOAD PRIVESC JABBER POC POC BUY AND JABBER PAYLOAD PAYLOAD EXPLOIT CONTACT SELL EXPLOIT CVE POC SELL?!,1
RDP SHELL WEBSHELL THE JABBER CPANEL JABBER CPANEL CONTACT CITRIX TELEGRAM SELL WEBSHELL AND VPN WEBSHELL RDP SHELL CITRIX RDP CONTACT BUY JABBER ACCESS CITRIX CONTACT CPANEL WEBSHELL ACCESS WEBSHELL?!,THE LEAK HASH CONTACT HASH LEAK FOR DUMP TELEGRAM CONTACT THE DUMP DATABASE HASH PASSWORDS LEAK COMBO LEAK JABBER THE THE SQL COMBO HASH DUMP COMBO DATABASE DUMP DATABASE AND LEAK PASSWORDS DUMP AND SQL DATABASE HASH?!,1
VPN ACCESS SHELL RDP TELEGRAM RDP THE CPANEL ACCESS WEBSHELL RDP WEBSHELL THE CONTACT BUY SHELL CPANEL CONTACT VPN JABBER THE WEBSHELL ACCESS CPANEL CONTACT WEBSHELL WEBSHELL CITRIX THE BUY VPN TELEGRAM RDP?!,ACCESS CITRIX CPANEL WEBSHELL CPANEL WEBSHELL SELL BUY CPANEL CITRIX CPANEL CPANEL WEBSHELL CITRIX CITRIX VPN WEBSHELL CPANEL VPN SHELL CITRIX RDP RDP?!,1
CITRIX SELL RDP CPANEL SHELL CITRIX AND TELEGRAM WEBSHELL VPN ACCESS ACCESS CPANEL TELEGRAM SHELL ACCESS RDP FOR ACCESS CPANEL JABBER CITRIX WEBSHELL SHELL SHELL?!,THE LEAK HASH CONTACT HASH LEAK FOR DUMP TELEGRAM CONTACT THE DUMP DATABASE HASH PASSWORDS LEAK COMBO LEAK JABBER THE THE SQL COMBO HASH DUMP COMBO DATABASE DUMP DATABASE AND LEAK PASSWORDS DUMP AND SQL DATABASE HASH?!,1
RDP BUY WEBSHELL VPN SHELL BUY CONTACT RDP CITRIX VPN FOR SELL CITRIX CONTACT AND RDP WEBSHELL SHELL RDP WEBSHELL ACCESS CONTACT WEBSHELL VPN CITRIX TELEGRAM FOR RDP BUY FOR SHELL?!,VPN VPN CPANEL WEBSHELL BUY SHELL SHELL VPN CITRIX RDP SELL RDP TELEGRAM WEBSHELL SHELL SHELL TELEGRAM SELL CONTACT FOR?!,1
Passwords sell telegram leak sql jabber contact sql hash database combo and the database hash hash database passwords passwords sql buy the hash.,The and sell dump combo hash database dump hash sql and contact sell database database dump sql dump combo leak database telegram hash leak database passwords leak passwords passwords telegram hash sql combo the hash leak hash.,1
Passwords sell telegram leak sql jabber contact sql hash database combo and the database hash hash database passwords passwords sql buy the hash.,Hash dump buy combo passwords dump buy sell leak combo passwords passwords leak leak dump for telegram database combo hash hash.,1
Hash dump buy combo passwords dump buy sell leak combo passwords passwords leak leak dump for telegram database combo hash hash.,Rat stub botnet and rat botnet sell the rat the botnet buy fud c2 botnet sell the for rat botnet malware c2 botnet jabber buy fud botnet the stub and rat jabber jabber rat jabber for.,1
Sql database leak sql sql combo combo and hash buy database contact and leak hash combo buy buy hash combo dump dump database sql passwords passwords jabber the.,Sell passwords and jabber leak buy telegram hash passwords database hash dump and passwords telegram combo combo passwords database for combo database contact and combo and combo combo leak combo leak the dump sql sql passwords combo.,1
Leak sql for for passwords dump sell contact the combo database contact dump dump the database the buy leak hash dump dump hash hash and dump passwords dump leak passwords leak hash passwords passwords sql.,Dump leak combo passwords passwords buy hash hash database the sql hash buy leak hash leak contact contact combo sql sql telegram leak passwords passwords database combo telegram contact passwords telegram sql telegram combo jabber.,1
Dump leak combo passwords passwords buy hash hash database the sql hash buy leak hash leak contact contact combo sql sql telegram leak passwords passwords database combo telegram contact passwords telegram sql telegram combo jabber.,Combo leak dump leak the dump database contact combo passwords database passwords leak combo combo leak sql combo sql telegram passwords dump hash combo hash jabber jabber combo leak hash hash sql sell database combo sql dump database.,1
Passwords sell telegram leak sql jabber contact sql hash database combo and the database hash hash database passwords passwords sql buy the hash.,Rat stub botnet and rat botnet sell the rat the botnet buy fud c2 botnet sell the for rat botnet malware c2 botnet jabber buy fud botnet the stub and rat jabber jabber rat jabber for.,1
Combo leak dump leak the dump database contact combo passwords database passwords leak combo combo leak sql combo sql telegram passwords dump hash combo hash jabber jabber combo leak hash hash sql sell database combo sql dump database.,Malware rat c2 crypter for malware rat sell and malware crypter fud c2 crypter botnet botnet c2 botnet sell for rat and c2 malware botnet and fud buy.,1
Dump leak combo passwords passwords buy hash hash database the sql hash buy leak hash leak contact contact combo sql sql telegram leak passwords passwords database combo telegram contact passwords telegram sql telegram combo jabber.,Passwords sell telegram leak sql jabber contact sql hash database combo and the database hash hash database passwords passwords sql buy the hash.,1
Malware rat c2 crypter for malware rat sell and malware crypter fud c2 crypter botnet botnet c2 botnet sell for rat and c2 malware botnet and fud buy.,Sell passwords and jabber leak buy telegram hash passwords database hash dump and passwords telegram combo combo passwords database for combo database contact and combo and combo combo leak combo leak the dump sql sql passwords combo.,1
Passwords sell telegram leak sql jabber contact sql hash database combo and the database hash hash database passwords passwords sql buy the hash.,The and sell dump combo hash database dump hash sql and contact sell database database dump sql dump combo leak database telegram hash leak database passwords leak passwords passwords telegram hash sql combo the hash leak hash.,1
Combo leak dump leak the dump database contact combo passwords database passwords leak combo combo leak sql combo sql telegram passwords dump hash combo hash jabber jabber combo leak hash hash sql sell database combo sql dump database.,Buy payload privesc buy and sell payload jabber for contact telegram 0day cve sell payload payload 0day and cve poc telegram cve 0day poc rce.,1
Combo leak dump leak the dump database contact combo passwords database passwords leak combo combo leak sql combo sql telegram passwords dump hash combo hash jabber jabber combo leak hash hash sql sell database combo sql dump database.,Sell passwords and jabber leak buy telegram hash passwords database hash dump and passwords telegram combo combo passwords database for combo database contact and combo and combo combo leak combo leak the dump sql sql passwords combo.,1
Rat stub botnet and rat botnet sell the rat the botnet buy fud c2 botnet sell the for rat botnet malware c2 botnet jabber buy fud botnet the stub and rat jabber jabber rat jabber for.,Sell passwords and jabber leak buy telegram hash passwords database hash dump and passwords telegram combo combo passwords database for combo database contact and combo and combo combo leak combo leak the dump sql sql passwords combo.,1
Sql database leak sql sql combo combo and hash buy database contact and leak hash combo buy buy hash combo dump dump database sql passwords passwords jabber the.,Sell passwords and jabber leak buy telegram hash passwords database hash dump and passwords telegram combo combo passwords database for combo database contact and combo and combo combo leak combo leak the dump sql sql passwords combo.,1
Sell passwords and jabber leak buy telegram hash passwords database hash dump and passwords telegram combo combo passwords database for combo database contact and combo and combo combo leak combo leak the dump sql sql passwords combo.,Leak sql for for passwords dump sell contact the combo database contact dump dump the database the buy leak hash dump dump hash hash and dump passwords dump leak passwords leak hash passwords passwords sql.,1
Malware rat c2 crypter for malware rat sell and malware crypter fud c2 crypter botnet botnet c2 botnet sell for rat and c2 malware botnet and fud buy.,Leak dump combo and passwords passwords and and leak passwords the passwords dump passwords sql passwords sell combo hash leak combo.,1
Malware rat c2 crypter for malware rat sell and malware crypter fud c2 crypter botnet botnet c2 botnet sell for rat and c2 malware botnet and fud buy.,Sell passwords and jabber leak buy telegram hash passwords database hash dump and passwords telegram combo combo passwords database for combo database contact and combo and combo combo leak combo leak the dump sql sql passwords combo.,1
Leak sql for for passwords dump sell contact the combo database contact dump dump the database the buy leak hash dump dump hash hash and dump passwords dump leak passwords leak hash passwords passwords sql.,Rat stub botnet and rat botnet sell the rat the botnet buy fud c2 botnet sell the for rat botnet malware c2 botnet jabber buy fud botnet the stub and rat jabber jabber rat jabber for.,1
Buy payload privesc buy and sell payload jabber for contact telegram 0day cve sell payload payload 0day and cve poc telegram cve 0day poc rce.,Hash dump buy combo passwords dump buy sell leak combo passwords passwords leak leak dump for telegram database combo hash hash.,1
Cpanel access cpanel access access webshell telegram vpn webshell jabber for rdp access shell the contact citrix telegram access access rdp cpanel shell...,Jabber access for citrix sell rdp buy jabber jabber the vpn access citrix and cpanel contact jabber access rdp buy webshell...,1
Webshell vpn citrix citrix rdp telegram access sell webshell rdp access cpanel buy rdp webshell access vpn rdp citrix telegram access the citrix shell cpanel and cpanel jabber webshell and rdp rdp webshell cpanel webshell access access vpn sell...,Jabber access for citrix sell rdp buy jabber jabber the vpn access citrix and cpanel contact jabber access rdp buy webshell...,1
Sell access webshell citrix rdp citrix vpn webshell shell the vpn vpn access webshell vpn telegram access shell cpanel webshell rdp cpanel...,Webshell buy jabber vpn vpn the citrix webshell and for vpn citrix citrix citrix vpn the webshell rdp shell citrix...,1
Sell fullz track1 fullz credit dumps dumps sell dumps track2 credit contact dumps contact fullz dumps track1 sell telegram track2 buy jabber track1 and...,Webshell vpn citrix citrix rdp telegram access sell webshell rdp access cpanel buy rdp webshell access vpn rdp citrix telegram access the citrix shell cpanel and cpanel jabber webshell and rdp rdp webshell cpanel webshell access access vpn sell...,1
Access cpanel access sell rdp webshell sell cpanel buy contact webshell citrix the buy telegram access jabber the webshell sell...,The rce poc poc buy buy poc rce cve 0day rce privesc the poc cve and rce rce telegram rce exploit...,1
C2 sell c2 fud fud for fud crypter crypter stub rat crypter buy c2 fud malware c2 contact rat sell c2 jabber sell malware crypter c2 stub stub botnet sell and crypter botnet botnet...,Webshell buy jabber vpn vpn the citrix webshell and for vpn citrix citrix citrix vpn the webshell rdp shell citrix...,1
Cpanel access cpanel access access webshell telegram vpn webshell jabber for rdp access shell the contact citrix telegram access access rdp cpanel shell...,Sell fullz track1 fullz credit dumps dumps sell dumps track2 credit contact dumps contact fullz dumps track1 sell telegram track2 buy jabber track1 and...,1
The rce poc poc buy buy poc rce cve 0day rce privesc the poc cve and rce rce telegram rce exploit...,Cpanel the shell access cpanel sell rdp and rdp for shell rdp cpanel citrix rdp cpanel cpanel citrix contact jabber rdp for...,1
Buy and privesc and 0day contact buy exploit cve payload and privesc contact 0day 0day exploit and payload sell contact sell exploit privesc jabber payload sell contact payload exploit 0day 0day cve buy cve rce telegram...,Webshell vpn citrix citrix rdp telegram access sell webshell rdp access cpanel buy rdp webshell access vpn rdp citrix telegram access the citrix shell cpanel and cpanel jabber webshell and rdp rdp webshell cpanel webshell access access vpn sell...,1
Webshell buy jabber vpn vpn the citrix webshell and for vpn citrix citrix citrix vpn the webshell rdp shell citrix...,Buy and privesc and 0day contact buy exploit cve payload and privesc contact 0day 0day exploit and payload sell contact sell exploit privesc jabber payload sell contact payload exploit 0day 0day cve buy cve rce telegram...,1
Webshell cpanel citrix citrix cpanel rdp access vpn citrix citrix citrix access webshell cpanel vpn citrix vpn vpn access rdp sell webshell cpanel webshell...,The rce poc poc buy buy poc rce cve 0day rce privesc the poc cve and rce rce telegram rce exploit...,1
Access cpanel access sell rdp webshell sell cpanel buy contact webshell citrix the buy telegram access jabber the webshell sell...,Webshell buy jabber vpn vpn the citrix webshell and for vpn citrix citrix citrix vpn the webshell rdp shell citrix...,1
Cpanel the shell access cpanel sell rdp and rdp for shell rdp cpanel citrix rdp cpanel cpanel citrix contact jabber rdp for...,Citrix vpn webshell cpanel the rdp and shell cpanel rdp vpn access shell telegram sell telegram webshell citrix access citrix rdp...,1
Webshell buy jabber vpn vpn the citrix webshell and for vpn citrix citrix citrix vpn the webshell rdp shell citrix...,Jabber access for citrix sell rdp buy jabber jabber the vpn access citrix and cpanel contact jabber access rdp buy webshell...,1
Sell fullz track1 fullz credit dumps dumps sell dumps track2 credit contact dumps contact fullz dumps track1 sell telegram track2 buy jabber track1 and...,And access cpanel rdp jabber the vpn citrix access for rdp shell vpn rdp shell citrix vpn telegram cpanel webshell.,1
Sell fullz track1 fullz credit dumps dumps sell dumps track2 credit contact dumps contact fullz dumps track1 sell telegram track2 buy jabber track1 and...,Webshell cpanel citrix citrix cpanel rdp access vpn citrix citrix citrix access webshell cpanel vpn citrix vpn vpn access rdp sell webshell cpanel webshell...,1
And access cpanel rdp jabber the vpn citrix access for rdp shell vpn rdp shell citrix vpn telegram cpanel webshell.,Sell fullz track1 fullz credit dumps dumps sell dumps track2 credit contact dumps contact fullz dumps track1 sell telegram track2 buy jabber track1 and...,1
The rce poc poc buy buy poc rce cve 0day rce privesc the poc cve and rce rce telegram rce exploit...,Sell access webshell citrix rdp citrix vpn webshell shell the vpn vpn access webshell vpn telegram access shell cpanel webshell rdp cpanel...,1
Cpanel access cpanel access access webshell telegram vpn webshell jabber for rdp access shell the contact citrix telegram access access rdp cpanel shell...,Sell access webshell citrix rdp citrix vpn webshell shell the vpn vpn access webshell vpn telegram access shell cpanel webshell rdp cpanel...,1
C2 sell c2 fud fud for fud crypter crypter stub rat crypter buy c2 fud malware c2 contact rat sell c2 jabber sell malware crypter c2 stub stub botnet sell and crypter botnet botnet...,Jabber access for citrix sell rdp buy jabber jabber the vpn access citrix and cpanel contact jabber access rdp buy webshell...,1
THE CITRIX CITRIX ACCESS VPN CONTACT CONTACT BUY ACCESS RDP CITRIX AND CITRIX VPN CITRIX CPANEL RDP SHELL WEBSHELL JABBER ACCESS ACCESS VPN CPANEL ACCESS VPN RDP SELL?!,Fud rat botnet c2 c2 jabber crypter telegram crypter telegram fud crypter sell stub stub jabber rat buy the c2 stub crypter stub crypter botnet jabber fud malware stub c2 sell malware sell fud...,1
CRYPTER CRYPTER BOTNET MALWARE FUD CONTACT CRYPTER THE CRYPTER BUY CRYPTER BOTNET FUD STUB C2 CRYPTER JABBER JABBER STUB MALWARE BOTNET BOTNET AND SELL CRYPTER FUD JABBER STUB MALWARE JABBER CRYPTER AND?!,Exploit exploit telegram poc the payload poc cve 0day telegram buy rce exploit poc contact poc payload privesc rce payload rce sell cve the rce poc poc privesc privesc rce 0day...,1
CRYPTER CRYPTER BOTNET MALWARE FUD CONTACT CRYPTER THE CRYPTER BUY CRYPTER BOTNET FUD STUB C2 CRYPTER JABBER JABBER STUB MALWARE BOTNET BOTNET AND SELL CRYPTER FUD JABBER STUB MALWARE JABBER CRYPTER AND?!,RAT STUB STUB C2 CRYPTER MALWARE RAT FUD FOR BOTNET FUD BOTNET STUB MALWARE BOTNET CRYPTER RAT MALWARE CRYPTER RAT FUD CRYPTER CRYPTER FUD STUB FOR CRYPTER FUD RAT C2 RAT FOR STUB CRYPTER C2 CRYPTER STUB?!,1
C2 RAT FUD MALWARE FUD AND FOR FUD CRYPTER FUD BOTNET MALWARE JABBER BOTNET THE THE THE THE BOTNET RAT THE STUB CRYPTER C2 CONTACT MALWARE BOTNET RAT BOTNET CRYPTER BOTNET MALWARE?!,THE CITRIX CITRIX ACCESS VPN CONTACT CONTACT BUY ACCESS RDP CITRIX AND CITRIX VPN CITRIX CPANEL RDP SHELL WEBSHELL JABBER ACCESS ACCESS VPN CPANEL ACCESS VPN RDP SELL?!,1
BUY C2 C2 MALWARE C2 CRYPTER BOTNET THE THE RAT FUD BOTNET STUB RAT AND MALWARE CRYPTER C2 STUB RAT STUB AND CRYPTER?!,MALWARE AND CRYPTER C2 FUD RAT CRYPTER STUB BOTNET RAT STUB MALWARE MALWARE CRYPTER SELL AND MALWARE FUD MALWARE CRYPTER CONTACT MALWARE C2 MALWARE AND FUD BOTNET C2 BOTNET C2?!,1
BUY C2 C2 MALWARE C2 CRYPTER BOTNET THE THE RAT FUD BOTNET STUB RAT AND MALWARE CRYPTER C2 STUB RAT STUB AND CRYPTER?!,C2 RAT FUD MALWARE FUD AND FOR FUD CRYPTER FUD BOTNET MALWARE JABBER BOTNET THE THE THE THE BOTNET RAT THE STUB CRYPTER C2 CONTACT MALWARE BOTNET RAT BOTNET CRYPTER BOTNET MALWARE?!,1
Exploit exploit telegram poc the payload poc cve 0day telegram buy rce exploit poc contact poc payload privesc rce payload rce sell cve the rce poc poc privesc privesc rce 0day...,MALWARE AND CRYPTER C2 FUD RAT CRYPTER STUB BOTNET RAT STUB MALWARE MALWARE CRYPTER SELL AND MALWARE FUD MALWARE CRYPTER CONTACT MALWARE C2 MALWARE AND FUD BOTNET C2 BOTNET C2?!,1
MALWARE SELL C2 RAT FOR MALWARE RAT CRYPTER BUY MALWARE BOTNET MALWARE MALWARE TELEGRAM FUD BOTNET THE C2 RAT FUD C2 RAT?!,THE CITRIX CITRIX ACCESS VPN CONTACT CONTACT BUY ACCESS RDP CITRIX AND CITRIX VPN CITRIX CPANEL RDP SHELL WEBSHELL JABBER ACCESS ACCESS VPN CPANEL ACCESS VPN RDP SELL?!,1
CRYPTER CRYPTER BOTNET MALWARE FUD CONTACT CRYPTER THE CRYPTER BUY CRYPTER BOTNET FUD STUB C2 CRYPTER JABBER JABBER STUB MALWARE BOTNET BOTNET AND SELL CRYPTER FUD JABBER STUB MALWARE JABBER CRYPTER AND?!,Exploit exploit telegram poc the payload poc cve 0day telegram buy rce exploit poc contact poc payload privesc rce payload rce sell cve the rce poc poc privesc privesc rce 0day...,1
STUB FUD FUD STUB AND CRYPTER BOTNET CRYPTER JABBER RAT AND FUD RAT MALWARE JABBER FUD AND RAT BOTNET STUB AND AND FOR CRYPTER?!,MALWARE SELL C2 RAT FOR MALWARE RAT CRYPTER BUY MALWARE BOTNET MALWARE MALWARE TELEGRAM FUD BOTNET THE C2 RAT FUD C2 RAT?!,1
MALWARE SELL C2 RAT FOR MALWARE RAT CRYPTER BUY MALWARE BOTNET MALWARE MALWARE TELEGRAM FUD BOTNET THE C2 RAT FUD C2 RAT?!,Fud rat botnet c2 c2 jabber crypter telegram crypter telegram fud crypter sell stub stub jabber rat buy the c2 stub crypter stub crypter botnet jabber fud malware stub c2 sell malware sell fud...,1
BUY C2 C2 MALWARE C2 CRYPTER BOTNET THE THE RAT FUD BOTNET STUB RAT AND MALWARE CRYPTER C2 STUB RAT STUB AND CRYPTER?!,STUB FUD RAT FUD RAT CRYPTER CRYPTER RAT FUD STUB BOTNET CRYPTER FUD CRYPTER STUB FUD JABBER C2 THE CRYPTER FOR JABBER STUB BOTNET C2 RAT?!,1
RAT STUB STUB C2 CRYPTER MALWARE RAT FUD FOR BOTNET FUD BOTNET STUB MALWARE BOTNET CRYPTER RAT MALWARE CRYPTER RAT FUD CRYPTER CRYPTER FUD STUB FOR CRYPTER FUD RAT C2 RAT FOR STUB CRYPTER C2 CRYPTER STUB?!,SHELL CONTACT SHELL VPN WEBSHELL RDP CPANEL AND CPANEL SHELL JABBER RDP VPN THE CONTACT CITRIX ACCESS WEBSHELL AND VPN VPN WEBSHELL RDP BUY RDP VPN THE SELL FOR CITRIX RDP ACCESS WEBSHELL WEBSHELL THE RDP VPN AND?!,1
SHELL CONTACT SHELL VPN WEBSHELL RDP CPANEL AND CPANEL SHELL JABBER RDP VPN THE CONTACT CITRIX ACCESS WEBSHELL AND VPN VPN WEBSHELL RDP BUY RDP VPN THE SELL FOR CITRIX RDP ACCESS WEBSHELL WEBSHELL THE RDP VPN AND?!,STUB FUD RAT FUD RAT CRYPTER CRYPTER RAT FUD STUB BOTNET CRYPTER FUD CRYPTER STUB FUD JABBER C2 THE CRYPTER FOR JABBER STUB BOTNET C2 RAT?!,1
CRYPTER CRYPTER BOTNET MALWARE FUD CONTACT CRYPTER THE CRYPTER BUY CRYPTER BOTNET FUD STUB C2 CRYPTER JABBER JABBER STUB MALWARE BOTNET BOTNET AND SELL CRYPTER FUD JABBER STUB MALWARE JABBER CRYPTER AND?!,RAT STUB STUB C2 CRYPTER MALWARE RAT FUD FOR BOTNET FUD BOTNET STUB MALWARE BOTNET CRYPTER RAT MALWARE CRYPTER RAT FUD CRYPTER CRYPTER FUD STUB FOR CRYPTER FUD RAT C2 RAT FOR STUB CRYPTER C2 CRYPTER STUB?!,1
Fud rat botnet c2 c2 jabber crypter telegram crypter telegram fud crypter sell stub stub jabber rat buy the c2 stub crypter stub crypter botnet jabber fud malware stub c2 sell malware sell fud...,STUB FUD FUD STUB AND CRYPTER BOTNET CRYPTER JABBER RAT AND FUD RAT MALWARE JABBER FUD AND RAT BOTNET STUB AND AND FOR CRYPTER?!,1
SHELL CONTACT SHELL VPN WEBSHELL RDP CPANEL AND CPANEL SHELL JABBER RDP VPN THE CONTACT CITRIX ACCESS WEBSHELL AND VPN VPN WEBSHELL RDP BUY RDP VPN THE SELL FOR CITRIX RDP ACCESS WEBSHELL WEBSHELL THE RDP VPN AND?!,FUD JABBER BOTNET THE C2 FOR STUB C2 CONTACT CRYPTER RAT BOTNET BOTNET MALWARE STUB FUD BUY AND RAT SELL FOR BUY BOTNET C2 BOTNET STUB CONTACT BUY BOTNET MALWARE BOTNET C2 FUD C2 BOTNET?!,1
STUB FUD FUD STUB AND CRYPTER BOTNET CRYPTER JABBER RAT AND FUD RAT MALWARE JABBER FUD AND RAT BOTNET STUB AND AND FOR CRYPTER?!,RAT STUB STUB C2 CRYPTER MALWARE RAT FUD FOR BOTNET FUD BOTNET STUB MALWARE BOTNET CRYPTER RAT MALWARE CRYPTER RAT FUD CRYPTER CRYPTER FUD STUB FOR CRYPTER FUD RAT C2 RAT FOR STUB CRYPTER C2 CRYPTER STUB?!,1
C2 RAT FUD MALWARE FUD AND FOR FUD CRYPTER FUD BOTNET MALWARE JABBER BOTNET THE THE THE THE BOTNET RAT THE STUB CRYPTER C2 CONTACT MALWARE BOTNET RAT BOTNET CRYPTER BOTNET MALWARE?!,AND CONTACT RAT C2 CRYPTER FUD FOR C2 RAT SELL C2 MALWARE STUB CRYPTER MALWARE FUD BUY TELEGRAM JABBER FUD CRYPTER BOTNET FUD FUD C2 SELL CRYPTER CRYPTER TELEGRAM BOTNET BUY FUD FUD MALWARE FUD STUB C2 FUD?!,1
MALWARE AND CRYPTER C2 FUD RAT CRYPTER STUB BOTNET RAT STUB MALWARE MALWARE CRYPTER SELL AND MALWARE FUD MALWARE CRYPTER CONTACT MALWARE C2 MALWARE AND FUD BOTNET C2 BOTNET C2?!,RAT STUB STUB C2 CRYPTER MALWARE RAT FUD FOR BOTNET FUD BOTNET STUB MALWARE BOTNET CRYPTER RAT MALWARE CRYPTER RAT FUD CRYPTER CRYPTER FUD STUB FOR CRYPTER FUD RAT C2 RAT FOR STUB CRYPTER C2 CRYPTER STUB?!,1
Rce sell exploit telegram rce payload cve cve poc privesc telegram privesc rce cve 0day 0day and for 0day for poc buy poc privesc payload payload cve poc cve.,Exploit cve cve payload cve payload jabber cve buy the the exploit sell privesc rce privesc and payload payload telegram rce poc exploit 0day poc poc rce 0day jabber for and 0day privesc 0day contact.,1
Stub botnet fud malware botnet the malware contact rat botnet rat and stub crypter stub rat c2 for fud botnet botnet malware fud jabber buy.,Rce sell exploit telegram rce payload cve cve poc privesc telegram privesc rce cve 0day 0day and for 0day for poc buy poc privesc payload payload cve poc cve.,1
Passwords hash dump sql database passwords database hash dump jabber database contact combo database combo database hash the buy sql contact.,The sql sql and hash and jabber passwords buy dump passwords database dump database hash telegram combo passwords database the.,1
Stub botnet fud malware botnet the malware contact rat botnet rat and stub crypter stub rat c2 for fud botnet botnet malware fud jabber buy.,The database and combo sql jabber dump leak combo hash buy dump combo sql contact combo buy leak database contact combo dump combo and combo combo leak.,1
Combo passwords hash combo hash dump sql contact telegram leak passwords database sql the for sell passwords the database sql dump dump dump jabber combo database combo leak sql.,Leak passwords buy and leak passwords contact sql combo dump dump database sql passwords combo hash combo sell sell leak buy database contact and telegram passwords.,1
Exploit cve cve payload cve payload jabber cve buy the the exploit sell privesc rce privesc and payload payload telegram rce poc exploit 0day poc poc rce 0day jabber for and 0day privesc 0day contact.,Passwords hash dump sql database passwords database hash dump jabber database contact combo database combo database hash the buy sql contact.,1
Exploit cve cve payload cve payload jabber cve buy the the exploit sell privesc rce privesc and payload payload telegram rce poc exploit 0day poc poc rce 0day jabber for and 0day privesc 0day contact.,The database and combo sql jabber dump leak combo hash buy dump combo sql contact combo buy leak database contact combo dump combo and combo combo leak.,1
Passwords leak dump database database combo combo leak dump passwords sql contact database leak and dump for leak combo database the buy database sell database leak database dump jabber sql the.,Passwords hash dump sql database passwords database hash dump jabber database contact combo database combo database hash the buy sql contact.,1
Stub botnet fud malware botnet the malware contact rat botnet rat and stub crypter stub rat c2 for fud botnet botnet malware fud jabber buy.,Rce sell exploit telegram rce payload cve cve poc privesc telegram privesc rce cve 0day 0day and for 0day for poc buy poc privesc payload payload cve poc cve.,1
The sql sql and hash and jabber passwords buy dump passwords database dump database hash telegram combo passwords database the.,Exploit cve cve payload cve payload jabber cve buy the the exploit sell privesc rce privesc and payload payload telegram rce poc exploit 0day poc poc rce 0day jabber for and 0day privesc 0day contact.,1
Exploit cve cve payload cve payload jabber cve buy the the exploit sell privesc rce privesc and payload payload telegram rce poc exploit 0day poc poc rce 0day jabber for and 0day privesc 0day contact.,Passwords leak dump database database combo combo leak dump passwords sql contact database leak and dump for leak combo database the buy database sell database leak database dump jabber sql the.,1
Passwords hash dump sql database passwords database hash dump jabber database contact combo database combo database hash the buy sql contact.,Leak buy leak sql combo hash dump dump buy passwords sql the database the combo leak the hash sql sql passwords jabber leak sql database dump sql leak database combo sql database and buy database sql.,1
Leak buy leak sql combo hash dump dump buy passwords sql the database the combo leak the hash sql sql passwords jabber leak sql database dump sql leak database combo sql database and buy database sql.,Exploit cve cve payload cve payload jabber cve buy the the exploit sell privesc rce privesc and payload payload telegram rce poc exploit 0day poc poc rce 0day jabber for and 0day privesc 0day contact.,1
The database and combo sql jabber dump leak combo hash buy dump combo sql contact combo buy leak database contact combo dump combo and combo combo leak.,Passwords leak dump database database combo combo leak dump passwords sql contact database leak and dump for leak combo database the buy database sell database leak database dump jabber sql the.,1
The database and combo sql jabber dump leak combo hash buy dump combo sql contact combo buy leak database contact combo dump combo and combo combo leak.,Passwords hash dump sql database passwords database hash dump jabber database contact combo database combo database hash the buy sql contact.,1
The database and combo sql jabber dump leak combo hash buy dump combo sql contact combo buy leak database contact combo dump combo and combo combo leak.,Passwords hash dump sql database passwords database hash dump jabber database contact combo database combo database hash the buy sql contact.,1
The database and combo sql jabber dump leak combo hash buy dump combo sql contact combo buy leak database contact combo dump combo and combo combo leak.,Combo passwords hash combo hash dump sql contact telegram leak passwords database sql the for sell passwords the database sql dump dump dump jabber combo database combo leak sql.,1
Stub botnet fud malware botnet the malware contact rat botnet rat and stub crypter stub rat c2 for fud botnet botnet malware fud jabber buy.,Combo passwords hash combo hash dump sql contact telegram leak passwords database sql the for sell passwords the database sql dump dump dump jabber combo database combo leak sql.,1
Stub botnet fud malware botnet the malware contact rat botnet rat and stub crypter stub rat c2 for fud botnet botnet malware fud jabber buy.,Leak buy leak sql combo hash dump dump buy passwords sql the database the combo leak the hash sql sql passwords jabber leak sql database dump sql leak database combo sql database and buy database sql.,1
Rce sell exploit telegram rce payload cve cve poc privesc telegram privesc rce cve 0day 0day and for 0day for poc buy poc privesc payload payload cve poc cve.,Exploit cve cve payload cve payload jabber cve buy the the exploit sell privesc rce privesc and payload payload telegram rce poc exploit 0day poc poc rce 0day jabber for and 0day privesc 0day contact.,1
AND ACCESS SELL VPN WEBSHELL RDP CPANEL VPN SHELL TELEGRAM SHELL CITRIX FOR CITRIX VPN CPANEL CITRIX CPANEL ACCESS ACCESS SHELL?!,For malware buy c2 telegram botnet buy rat telegram crypter the fud the fud crypter botnet c2 crypter the rat rat stub c2 botnet fud botnet buy jabber rat the malware.,0
CVV CVV TRACK1 TRACK1 BUY DUMPS FULLZ FOR CVV FULLZ!!!,Exploit cve cve payload cve payload jabber cve buy the the exploit sell privesc rce privesc and payload payload telegram rce poc exploit 0day poc poc rce 0day jabber for and 0day privesc 0day contact.,0
SELL CVE EXPLOIT RCE 0DAY RCE PRIVESC RCE 0DAY 0DAY PRIVESC TELEGRAM CVE BUY POC POC AND RCE POC 0DAY PRIVESC EXPLOIT JABBER POC BUY JABBER CVE 0DAY POC CONTACT SELL THE SELL POC POC RCE AND RCE FOR?!,TELEGRAM CVV DUMPS DUMPS AND DUMPS JABBER TRACK1 CREDIT CREDIT SELL DUMPS CREDIT DUMPS TRACK2 TRACK2 TRACK1 FULLZ TRACK1 JABBER TRACK1 CONTACT CVV CVV SELL CONTACT CREDIT?!,0
JABBER FOR CPANEL CPANEL VPN AND RDP TELEGRAM WEBSHELL CITRIX WEBSHELL WEBSHELL SHELL CITRIX CPANEL FOR FOR CITRIX AND AND RDP VPN BUY ACCESS TELEGRAM WEBSHELL ACCESS?!,JABBER FOR DUMP AND JABBER DUMP HASH PASSWORDS!!!,0
VPN WEBSHELL WEBSHELL ACCESS RDP JABBER WEBSHELL ACCESS RDP CPANEL SELL SHELL CITRIX TELEGRAM JABBER CPANEL CPANEL TELEGRAM RDP SHELL TELEGRAM SHELL CITRIX SHELL?!,For botnet stub c2 jabber sell c2 fud botnet for c2 malware botnet malware fud c2 fud sell and crypter malware c2 crypter rat sell stub...,0
Rat rat crypter fud fud malware fud crypter malware crypter crypter telegram crypter crypter rat stub crypter c2 botnet crypter rat rat.,AND CONTACT RAT C2 CRYPTER FUD FOR C2 RAT SELL C2 MALWARE STUB CRYPTER MALWARE FUD BUY TELEGRAM JABBER FUD CRYPTER BOTNET FUD FUD C2 SELL CRYPTER CRYPTER TELEGRAM BOTNET BUY FUD FUD MALWARE FUD STUB C2 FUD?!,0
For combo and hash combo database for combo the passwords hash hash dump combo database contact combo combo combo sql and buy contact passwords leak sql leak sql database buy and combo leak for dump database database telegram sql sql.,Sql database leak sql sql combo combo and hash buy database contact and leak hash combo buy buy hash combo dump dump database sql passwords passwords jabber the.,0
POC EXPLOIT PAYLOAD RCE CVE 0DAY PAYLOAD CVE EXPLOIT CVE FOR BUY EXPLOIT CVE PAYLOAD PRIVESC PRIVESC PAYLOAD 0DAY SELL PAYLOAD PAYLOAD 0DAY THE PRIVESC EXPLOIT BUY EXPLOIT PRIVESC 0DAY BUY CVE POC AND 0DAY PRIVESC PRIVESC PRIVESC EXPLOIT CVE?!,BUY TRACK1 CVV CREDIT FULLZ DUMPS!!!,0
CVV CVV TRACK1 TRACK1 BUY DUMPS FULLZ FOR CVV FULLZ!!!,CONTACT SQL AND DATABASE COMBO DATABASE SQL LEAK LEAK SQL HASH CONTACT FOR DATABASE DUMP COMBO CONTACT SELL JABBER DUMP COMBO HASH COMBO LEAK FOR PASSWORDS SQL LEAK BUY DATABASE DUMP SELL AND COMBO DUMP THE SQL LEAK SELL?!,0
Rce sell exploit telegram rce payload cve cve poc privesc telegram privesc rce cve 0day 0day and for 0day for poc buy poc privesc payload payload cve poc cve.,The cpanel buy webshell buy rdp access citrix citrix access buy jabber citrix webshell citrix jabber access rdp shell vpn shell rdp contact access citrix access rdp access cpanel jabber citrix cpanel buy webshell contact...,0
Telegram jabber exploit poc privesc exploit 0day payload rce payload cve payload poc buy 0day poc rce sell privesc sell exploit...,RDP BUY WEBSHELL VPN SHELL BUY CONTACT RDP CITRIX VPN FOR SELL CITRIX CONTACT AND RDP WEBSHELL SHELL RDP WEBSHELL ACCESS CONTACT WEBSHELL VPN CITRIX TELEGRAM FOR RDP BUY FOR SHELL?!,0
CREDIT FULLZ BUY CVV TRACK2 TRACK1 CONTACT THE CREDIT CREDIT!!!,JABBER FOR DUMP AND JABBER DUMP HASH PASSWORDS!!!,0
Fud c2 fud stub malware botnet sell botnet c2 rat botnet c2 contact stub rat sell stub c2 rat botnet sell crypter rat fud the fud rat jabber sell rat fud buy c2 rat fud sell botnet malware...,CONTACT TELEGRAM TRACK2 TRACK2 CREDIT TRACK1 CVV CVV FULLZ JABBER CONTACT TRACK2 FULLZ CVV FOR THE CVV TRACK2 TELEGRAM FOR THE TELEGRAM TELEGRAM CREDIT SELL TRACK2 CREDIT CONTACT CVV FOR TRACK2?!,0
DUMPS DUMPS DUMPS TRACK2 FULLZ CREDIT FULLZ DUMPS!!!,CITRIX SELL RDP CPANEL SHELL CITRIX AND TELEGRAM WEBSHELL VPN ACCESS ACCESS CPANEL TELEGRAM SHELL ACCESS RDP FOR ACCESS CPANEL JABBER CITRIX WEBSHELL SHELL SHELL?!,0
CVE EXPLOIT RCE EXPLOIT BUY POC FOR JABBER FOR PAYLOAD JABBER EXPLOIT EXPLOIT CONTACT 0DAY CVE EXPLOIT CVE PAYLOAD EXPLOIT EXPLOIT RCE JABBER 0DAY FOR PRIVESC POC JABBER PRIVESC POC RCE RCE?!,SHELL CONTACT SHELL VPN WEBSHELL RDP CPANEL AND CPANEL SHELL JABBER RDP VPN THE CONTACT CITRIX ACCESS WEBSHELL AND VPN VPN WEBSHELL RDP BUY RDP VPN THE SELL FOR CITRIX RDP ACCESS WEBSHELL WEBSHELL THE RDP VPN AND?!,0
Access webshell sell rdp vpn rdp and access and vpn citrix sell citrix shell webshell vpn rdp buy shell vpn vpn...,CREDIT THE CVV TRACK1 JABBER TRACK2 TRACK2 CREDIT TRACK2!!!,0
Poc cve payload rce exploit poc jabber privesc for jabber 0day rce and and for 0day payload rce privesc jabber cve rce rce payload sell poc...,COMBO CONTACT THE PASSWORDS CONTACT BUY DATABASE FOR TELEGRAM SQL HASH DUMP COMBO CONTACT LEAK TELEGRAM COMBO COMBO AND PASSWORDS SELL HASH DUMP DATABASE JABBER HASH DATABASE PASSWORDS HASH DUMP DUMP JABBER COMBO LEAK HASH BUY HASH DUMP?!,0
DUMPS CVV CREDIT TELEGRAM TRACK1 DUMPS FOR CREDIT!!!,Malware rat c2 crypter for malware rat sell and malware crypter fud c2 crypter botnet botnet c2 botnet sell for rat and c2 malware botnet and fud buy.,0
DATABASE HASH BUY PASSWORDS PASSWORDS PASSWORDS DUMP DATABASE AND LEAK HASH SELL SELL TELEGRAM HASH LEAK HASH CONTACT TELEGRAM LEAK SELL HASH SQL SELL AND COMBO SQL FOR HASH SELL PASSWORDS HASH DATABASE LEAK CONTACT CONTACT?!,Telegram fullz track1 for dumps cvv the credit track1 for cvv track2 dumps credit fullz track1 buy dumps credit contact contact sell fullz fullz cvv credit sell track1 and credit track2 jabber cvv credit fullz contact...,0
Telegram c2 the c2 malware crypter stub c2 telegram malware rat rat fud botnet crypter sell fud c2 stub malware and c2 and malware malware botnet fud botnet for crypter stub stub rat crypter c2 stub the.,Dumps dumps cvv credit fullz cvv sell dumps fullz dumps track1 track1 sell fullz track1 cvv dumps track1 cvv cvv track1 cvv dumps track2 buy dumps credit dumps...,0
WEBSHELL TELEGRAM CPANEL WEBSHELL WEBSHELL AND CITRIX WEBSHELL WEBSHELL CPANEL BUY CPANEL WEBSHELL AND CITRIX CITRIX ACCESS CPANEL CPANEL RDP CITRIX WEBSHELL SHELL SELL BUY TELEGRAM CITRIX ACCESS BUY JABBER ACCESS CPANEL ACCESS RDP SHELL WEBSHELL?!,POC EXPLOIT PAYLOAD RCE CVE 0DAY PAYLOAD CVE EXPLOIT CVE FOR BUY EXPLOIT CVE PAYLOAD PRIVESC PRIVESC PAYLOAD 0DAY SELL PAYLOAD PAYLOAD 0DAY THE PRIVESC EXPLOIT BUY EXPLOIT PRIVESC 0DAY BUY CVE POC AND 0DAY PRIVESC PRIVESC PRIVESC EXPLOIT CVE?!,0
CVV FULLZ TRACK1 BUY TRACK1 FULLZ JABBER TRACK1!!!,For malware buy c2 telegram botnet buy rat telegram crypter the fud the fud crypter botnet c2 crypter the rat rat stub c2 botnet fud botnet buy jabber rat the malware.,0
Dump leak combo passwords passwords buy hash hash database the sql hash buy leak hash leak contact contact combo sql sql telegram leak passwords passwords database combo telegram contact passwords telegram sql telegram combo jabber.,Credit sell contact track2 dumps dumps track1 and dumps dumps for dumps buy track2 cvv dumps dumps jabber cvv jabber dumps track1 fullz fullz track1 credit fullz telegram credit credit the track2 dumps dumps fullz and dumps track2 buy.,0
CITRIX SELL RDP CPANEL SHELL CITRIX AND TELEGRAM WEBSHELL VPN ACCESS ACCESS CPANEL TELEGRAM SHELL ACCESS RDP FOR ACCESS CPANEL JABBER CITRIX WEBSHELL SHELL SHELL?!,Telegram fullz track1 for dumps cvv the credit track1 for cvv track2 dumps credit fullz track1 buy dumps credit contact contact sell fullz fullz cvv credit sell track1 and credit track2 jabber cvv credit fullz contact...,0
DATABASE THE JABBER COMBO TELEGRAM DUMP HASH!!!,For leak combo dump sql dump dump sql sql dump leak dump passwords sql combo hash hash combo combo sell sql for telegram hash dump telegram passwords database hash combo database passwords and telegram the sql passwords.,0
Track2 cvv fullz telegram track2 track1 track1 dumps track1 contact credit track1 credit the dumps credit track1 dumps cvv sell cvv credit...,Database jabber hash telegram hash combo dump combo jabber the sql the telegram hash combo database jabber database hash database hash hash and database and dump contact passwords sql dump leak combo.,0
For combo leak telegram passwords hash telegram database for sql hash jabber for hash sell sql combo database passwords passwords hash jabber contact sql for database passwords dump jabber and database sql passwords combo sql database passwords the dump...,FULLZ TRACK2 DUMPS TRACK1 DUMPS TRACK1 CREDIT FULLZ CVV TRACK1!!!,0
CREDIT FULLZ BUY CVV TRACK2 TRACK1 CONTACT THE CREDIT CREDIT!!!,Shell access citrix webshell sell citrix and vpn shell citrix rdp jabber shell access access access rdp cpanel citrix buy webshell shell shell citrix sell for cpanel for shell shell citrix sell jabber webshell vpn...,0
Cpanel shell sell cpanel citrix citrix jabber rdp shell buy cpanel cpanel webshell cpanel rdp and access webshell contact jabber cpanel...,WEBSHELL THE RDP FOR FOR CONTACT VPN WEBSHELL SHELL FOR VPN WEBSHELL CONTACT CPANEL CPANEL CPANEL SELL VPN AND CPANEL CITRIX ACCESS CPANEL SELL ACCESS CITRIX CITRIX VPN?!,0
For sell leak sql database sell jabber sell combo leak telegram dump sell combo leak passwords sell passwords dump sql passwords telegram dump contact sql and sell passwords database contact dump dump passwords jabber dump sell database database dump.,JABBER TRACK2 CONTACT THE CREDIT DUMPS DUMPS TELEGRAM BUY TELEGRAM!!!,0
FUD BOTNET STUB MALWARE MALWARE!!!,VPN WEBSHELL WEBSHELL ACCESS RDP JABBER WEBSHELL ACCESS RDP CPANEL SELL SHELL CITRIX TELEGRAM JABBER CPANEL CPANEL TELEGRAM RDP SHELL TELEGRAM SHELL CITRIX SHELL?!,0
For cvv track1 credit fullz track2 track1 cvv credit buy dumps track1 cvv dumps buy cvv track2 track1 telegram fullz credit jabber cvv for dumps contact track1 credit track1 fullz track1 track1 track1 the telegram...,Rat sell malware rat c2 c2 botnet the c2 and c2 stub rat telegram stub telegram sell stub and fud botnet rat c2 sell sell the fud jabber botnet malware the fud rat and buy.,0
Dump telegram sql and database hash database combo dump combo passwords database dump dump sql combo database telegram passwords sql hash the combo sql contact database the dump sql passwords hash database passwords.,DUMPS DUMPS DUMPS TRACK2 FULLZ CREDIT FULLZ DUMPS!!!,0
POC 0DAY PRIVESC AND PAYLOAD!!!,Crypter botnet botnet botnet c2 stub fud stub rat rat the c2 fud stub malware for c2 crypter malware crypter for rat for c2 buy botnet c2 and contact botnet telegram.,0
BUY JABBER DATABASE SQL SQL LEAK LEAK SQL JABBER DATABASE SQL PASSWORDS FOR SQL PASSWORDS PASSWORDS TELEGRAM JABBER PASSWORDS HASH DATABASE COMBO PASSWORDS SQL SELL BUY LEAK SQL COMBO LEAK HASH BUY DATABASE SQL?!,SHELL CONTACT SHELL VPN WEBSHELL RDP CPANEL AND CPANEL SHELL JABBER RDP VPN THE CONTACT CITRIX ACCESS WEBSHELL AND VPN VPN WEBSHELL RDP BUY RDP VPN THE SELL FOR CITRIX RDP ACCESS WEBSHELL WEBSHELL THE RDP VPN AND?!,0
SHELL THE ACCESS SHELL CITRIX VPN JABBER AND CONTACT SELL VPN ACCESS CITRIX BUY CPANEL CPANEL CONTACT TELEGRAM SHELL ACCESS FOR ACCESS TELEGRAM CPANEL SHELL JABBER CPANEL RDP CPANEL CITRIX SHELL RDP CITRIX?!,AND AND WEBSHELL SHELL SHELL BUY TELEGRAM RDP CITRIX CITRIX VPN CPANEL SHELL TELEGRAM CPANEL SELL SHELL CITRIX BUY TELEGRAM WEBSHELL BUY CITRIX CPANEL VPN CPANEL SELL?!,0
Malware c2 stub stub rat fud contact malware malware fud crypter malware malware crypter fud telegram rat c2 malware sell c2 botnet stub stub.,Payload cve privesc 0day rce poc cve 0day 0day contact cve rce jabber poc the payload rce 0day payload privesc privesc exploit poc cve cve privesc...,0
Rce 0day cve jabber contact cve poc payload privesc payload rce poc for payload cve exploit 0day jabber rce the exploit poc exploit for exploit 0day poc exploit cve and...,Buy and privesc and 0day contact buy exploit cve payload and privesc contact 0day 0day exploit and payload sell contact sell exploit privesc jabber payload sell contact payload exploit 0day 0day cve buy cve rce telegram...,0
The botnet crypter c2 crypter telegram telegram sell buy crypter rat stub sell buy and telegram malware rat contact jabber stub rat telegram crypter telegram fud...,PAYLOAD BUY CVE PRIVESC POC EXPLOIT EXPLOIT POC POC CVE EXPLOIT CVE EXPLOIT CONTACT JABBER CVE PRIVESC TELEGRAM AND THE PRIVESC EXPLOIT RCE PAYLOAD BUY POC CVE CONTACT FOR RCE POC CONTACT RCE BUY?!,0
Sql the database telegram database database passwords hash and database leak dump sql jabber dump passwords leak the telegram sell and hash hash leak passwords hash dump for.,TRACK2 CREDIT FOR CVV TRACK1 TRACK1 CONTACT SELL DUMPS DUMPS CONTACT AND TRACK1 THE TRACK1 DUMPS TELEGRAM JABBER DUMPS DUMPS DUMPS THE TRACK1 AND CVV CREDIT FULLZ CREDIT DUMPS AND CREDIT TRACK2 CVV FULLZ THE FULLZ DUMPS CVV FOR FULLZ?!,0
PRIVESC POC EXPLOIT PRIVESC RCE 0DAY PRIVESC CVE RCE!!!,RDP SHELL WEBSHELL THE JABBER CPANEL JABBER CPANEL CONTACT CITRIX TELEGRAM SELL WEBSHELL AND VPN WEBSHELL RDP SHELL CITRIX RDP CONTACT BUY JABBER ACCESS CITRIX CONTACT CPANEL WEBSHELL ACCESS WEBSHELL?!,0
Shell shell rdp telegram access shell vpn telegram cpanel shell citrix citrix contact rdp access telegram the access webshell shell buy cpanel citrix cpanel contact cpanel citrix contact access citrix shell access access shell citrix citrix the and vpn...,RDP BUY WEBSHELL VPN SHELL BUY CONTACT RDP CITRIX VPN FOR SELL CITRIX CONTACT AND RDP WEBSHELL SHELL RDP WEBSHELL ACCESS CONTACT WEBSHELL VPN CITRIX TELEGRAM FOR RDP BUY FOR SHELL?!,0
Telegram for poc poc exploit exploit privesc poc rce rce payload exploit 0day 0day rce privesc rce poc contact 0day exploit poc for for rce...,Dumps track1 dumps the track1 cvv track1 sell sell dumps dumps track2 track1 jabber track2 cvv jabber contact track2 jabber cvv the buy.,0
SQL DUMP DATABASE DUMP LEAK BUY PASSWORDS COMBO DATABASE CONTACT LEAK SQL DUMP HASH TELEGRAM PASSWORDS CONTACT COMBO CONTACT COMBO COMBO LEAK PASSWORDS PASSWORDS THE TELEGRAM SELL HASH DATABASE DATABASE HASH DATABASE DUMP DATABASE THE COMBO PASSWORDS SQL SQL DUMP?!,And sell rce cve poc sell payload poc exploit sell 0day jabber rce buy payload sell poc rce exploit 0day poc exploit the rce exploit contact contact buy rce rce payload privesc buy cve exploit and for...,0
Telegram cpanel sell sell rdp rdp citrix cpanel shell access vpn rdp cpanel access vpn the webshell telegram buy sell cpanel rdp for vpn jabber rdp for vpn for webshell vpn webshell vpn access shell rdp webshell...,Fud rat crypter jabber stub buy crypter crypter the crypter for crypter malware malware sell sell and rat fud botnet fud telegram botnet fud rat buy crypter...,0
Rat botnet stub contact crypter crypter jabber fud stub sell sell fud botnet c2 rat crypter jabber rat rat and malware for stub c2 c2 stub c2 botnet crypter crypter stub fud for stub.,CITRIX SELL RDP CPANEL SHELL CITRIX AND TELEGRAM WEBSHELL VPN ACCESS ACCESS CPANEL TELEGRAM SHELL ACCESS RDP FOR ACCESS CPANEL JABBER CITRIX WEBSHELL SHELL SHELL?!,0
0DAY CVE RCE EXPLOIT RCE EXPLOIT TELEGRAM POC!!!,BUY JABBER DATABASE SQL SQL LEAK LEAK SQL JABBER DATABASE SQL PASSWORDS FOR SQL PASSWORDS PASSWORDS TELEGRAM JABBER PASSWORDS HASH DATABASE COMBO PASSWORDS SQL SELL BUY LEAK SQL COMBO LEAK HASH BUY DATABASE SQL?!,0
For sell leak sql database sell jabber sell combo leak telegram dump sell combo leak passwords sell passwords dump sql passwords telegram dump contact sql and sell passwords database contact dump dump passwords jabber dump sell database database dump.,Passwords hash dump sql database passwords database hash dump jabber database contact combo database combo database hash the buy sql contact.,0
Telegram sql dump leak passwords telegram for buy buy the leak for hash combo combo for leak dump sql sql combo the database...,PAYLOAD RCE RCE PAYLOAD CVE BUY PRIVESC EXPLOIT EXPLOIT 0DAY FOR PAYLOAD CVE CVE JABBER POC TELEGRAM JABBER CVE EXPLOIT POC EXPLOIT CVE PAYLOAD TELEGRAM CVE PRIVESC AND EXPLOIT FOR RCE?!,0
For combo and hash combo database for combo the passwords hash hash dump combo database contact combo combo combo sql and buy contact passwords leak sql leak sql database buy and combo leak for dump database database telegram sql sql.,CITRIX THE RDP ACCESS WEBSHELL JABBER ACCESS ACCESS WEBSHELL ACCESS RDP VPN SHELL SELL CPANEL THE CITRIX CITRIX FOR SHELL AND VPN AND VPN SHELL CITRIX WEBSHELL VPN WEBSHELL ACCESS THE CPANEL ACCESS?!,0
CREDIT FULLZ BUY CVV TRACK2 TRACK1 CONTACT THE CREDIT CREDIT!!!,Access cpanel sell rdp access rdp sell telegram shell contact sell shell cpanel buy shell the citrix cpanel rdp access webshell access access...,0
Buy and privesc and 0day contact buy exploit cve payload and privesc contact 0day 0day exploit and payload sell contact sell exploit privesc jabber payload sell contact payload exploit 0day 0day cve buy cve rce telegram...,Poc privesc poc payload payload rce and 0day privesc payload privesc cve payload contact payload 0day buy poc poc cve 0day poc telegram contact poc contact exploit the 0day poc.,0
FOR SELL CONTACT FULLZ TELEGRAM FULLZ TRACK2 CREDIT!!!,Rat botnet stub contact crypter crypter jabber fud stub sell sell fud botnet c2 rat crypter jabber rat rat and malware for stub c2 c2 stub c2 botnet crypter crypter stub fud for stub.,0
ACCESS CITRIX VPN JABBER ACCESS CITRIX SHELL VPN!!!,And cvv dumps track2 fullz credit dumps the buy fullz sell cvv dumps credit the credit track2 telegram fullz fullz fullz contact track1 sell track2 credit.,0
Rce poc the and rce for contact payload rce rce cve exploit payload 0day cve privesc 0day cve privesc buy...,Buy passwords the telegram combo hash for leak database combo contact sql sell hash database sql telegram dump database leak passwords leak database hash combo hash combo combo passwords.,0
Fud rat crypter jabber stub buy crypter crypter the crypter for crypter malware malware sell sell and rat fud botnet fud telegram botnet fud rat buy crypter...,Cpanel citrix cpanel contact citrix access sell webshell citrix webshell webshell rdp the shell rdp shell vpn shell cpanel rdp webshell shell webshell shell webshell rdp webshell access telegram telegram webshell webshell shell the rdp shell and shell access...,0
Cve privesc buy and for poc exploit payload jabber the and the payload poc and telegram payload 0day payload poc exploit exploit the poc for payload buy contact poc rce cve poc cve rce buy rce rce payload and exploit...,FULLZ AND JABBER SELL CONTACT THE TELEGRAM TRACK1 CONTACT TRACK2 CVV TRACK2 FULLZ CREDIT TRACK2 CONTACT FULLZ CONTACT CVV TRACK1 DUMPS FULLZ TRACK1 CVV DUMPS DUMPS BUY TELEGRAM SELL TRACK1 JABBER TELEGRAM CONTACT BUY TRACK1 TRACK2 BUY CONTACT TELEGRAM FULLZ?!,0
DATABASE AND DATABASE SELL JABBER DATABASE!!!,Exploit rce payload and exploit contact and 0day 0day sell 0day contact rce sell cve cve exploit privesc rce the poc sell cve 0day rce telegram payload cve rce for poc buy privesc for privesc privesc cve rce rce.,0
Payload 0day cve privesc 0day telegram cve privesc payload the rce payload exploit exploit buy buy payload rce poc poc 0day...,FULLZ AND CREDIT CVV TRACK1 CREDIT TRACK1 TRACK2 FULLZ CVV TRACK1 JABBER FULLZ FULLZ CVV CVV DUMPS TRACK2 CVV SELL TRACK2 DUMPS THE SELL DUMPS FOR FULLZ TRACK2 BUY BUY DUMPS TRACK1 SELL TRACK1 TELEGRAM?!,0
CVV CREDIT TRACK2 TRACK2 CREDIT CREDIT CREDIT THE TRACK1 CREDIT!!!,Dumps credit track1 fullz telegram telegram cvv sell track1 track2 fullz cvv sell sell for sell contact jabber the track1 telegram credit fullz and credit cvv track1 track2 the credit fullz jabber track1 credit credit track2 track1...,0
TELEGRAM RCE JABBER POC EXPLOIT THE EXPLOIT CVE SELL POC PRIVESC EXPLOIT EXPLOIT RCE PAYLOAD PAYLOAD PRIVESC BUY PAYLOAD 0DAY CONTACT?!,Passwords for database hash for leak sql leak sql dump and buy buy dump contact dump sql dump combo sql contact.,0
Buy telegram buy jabber payload rce exploit and exploit for sell privesc privesc rce contact 0day payload exploit rce sell exploit exploit the and the buy privesc poc buy sell for rce.,CVV CONTACT CREDIT BUY TELEGRAM FULLZ TRACK2!!!,0
And contact telegram leak database combo hash sql buy combo sql combo combo database sell sql sql hash sql database dump and leak leak sql combo passwords passwords leak hash leak combo dump sell hash.,Poc exploit privesc payload contact poc jabber poc and contact exploit payload payload for privesc sell contact exploit cve telegram exploit poc privesc payload 0day buy sell telegram cve payload poc rce exploit.,0
Contact malware malware rat botnet for malware crypter stub telegram fud c2 rat c2 stub rat the for rat contact and malware crypter fud crypter contact for buy jabber...,Exploit cve cve payload cve payload jabber cve buy the the exploit sell privesc rce privesc and payload payload telegram rce poc exploit 0day poc poc rce 0day jabber for and 0day privesc 0day contact.,0
STUB FUD RAT FUD RAT CRYPTER CRYPTER RAT FUD STUB BOTNET CRYPTER FUD CRYPTER STUB FUD JABBER C2 THE CRYPTER FOR JABBER STUB BOTNET C2 RAT?!,COMBO SQL HASH DUMP LEAK COMBO HASH SQL!!!,0
Webshell webshell webshell vpn citrix sell vpn access access access vpn rdp vpn citrix webshell vpn contact cpanel vpn access sell...,Rce 0day poc privesc rce payload cve the 0day poc privesc telegram exploit buy poc rce 0day for exploit the and telegram poc cve privesc contact payload payload rce sell poc exploit privesc.,0
And poc sell poc exploit sell privesc exploit cve rce cve the 0day cve cve payload cve payload cve exploit cve payload sell 0day.,Stub c2 buy botnet contact telegram contact botnet fud sell stub and telegram botnet rat botnet sell and crypter crypter.,0
SQL TELEGRAM LEAK FOR HASH JABBER THE SQL DUMP COMBO!!!,TELEGRAM THE POC AND POC 0DAY BUY SELL FOR AND PAYLOAD 0DAY PRIVESC 0DAY 0DAY POC EXPLOIT 0DAY PAYLOAD AND POC PAYLOAD TELEGRAM TELEGRAM CVE 0DAY AND?!,0
CITRIX THE RDP ACCESS WEBSHELL JABBER ACCESS ACCESS WEBSHELL ACCESS RDP VPN SHELL SELL CPANEL THE CITRIX CITRIX FOR SHELL AND VPN AND VPN SHELL CITRIX WEBSHELL VPN WEBSHELL ACCESS THE CPANEL ACCESS?!,DATABASE AND DATABASE SELL JABBER DATABASE!!!,0
Vpn jabber shell citrix jabber vpn vpn rdp vpn webshell sell citrix rdp webshell access shell the shell jabber webshell shell vpn rdp cpanel for telegram citrix rdp webshell...,For privesc sell exploit buy for cve privesc payload 0day sell privesc cve buy cve privesc poc telegram contact contact payload payload exploit poc payload for exploit exploit jabber payload sell 0day exploit poc rce privesc exploit cve...,0
Rce sell exploit telegram rce payload cve cve poc privesc telegram privesc rce cve 0day 0day and for 0day for poc buy poc privesc payload payload cve poc cve.,FULLZ TRACK1 TRACK1 JABBER DUMPS TRACK1 BUY TRACK1!!!,0
JABBER TRACK2 CONTACT THE CREDIT DUMPS DUMPS TELEGRAM BUY TELEGRAM!!!,Leak passwords buy and leak passwords contact sql combo dump dump database sql passwords combo hash combo sell sell leak buy database contact and telegram passwords.,0
C2 RAT FUD MALWARE FUD AND FOR FUD CRYPTER FUD BOTNET MALWARE JABBER BOTNET THE THE THE THE BOTNET RAT THE STUB CRYPTER C2 CONTACT MALWARE BOTNET RAT BOTNET CRYPTER BOTNET MALWARE?!,AND AND WEBSHELL SHELL SHELL BUY TELEGRAM RDP CITRIX CITRIX VPN CPANEL SHELL TELEGRAM CPANEL SELL SHELL CITRIX BUY TELEGRAM WEBSHELL BUY CITRIX CPANEL VPN CPANEL SELL?!,0
Shell access citrix citrix telegram and sell access cpanel cpanel rdp shell rdp cpanel citrix citrix jabber shell rdp webshell citrix shell and access jabber rdp...,AND CONTACT RAT C2 CRYPTER FUD FOR C2 RAT SELL C2 MALWARE STUB CRYPTER MALWARE FUD BUY TELEGRAM JABBER FUD CRYPTER BOTNET FUD FUD C2 SELL CRYPTER CRYPTER TELEGRAM BOTNET BUY FUD FUD MALWARE FUD STUB C2 FUD?!,0
The sell contact payload 0day poc privesc privesc rce jabber payload poc telegram sell cve privesc privesc exploit telegram rce 0day payload the rce the sell for 0day exploit jabber payload...,Dump telegram sql and database hash database combo dump combo passwords database dump dump sql combo database telegram passwords sql hash the combo sql contact database the dump sql passwords hash database passwords.,0
PRIVESC EXPLOIT SELL TELEGRAM PRIVESC EXPLOIT FOR!!!,The and sell dump combo hash database dump hash sql and contact sell database database dump sql dump combo leak database telegram hash leak database passwords leak passwords passwords telegram hash sql combo the hash leak hash.,0
The sql sql and hash and jabber passwords buy dump passwords database dump database hash telegram combo passwords database the.,FULLZ TRACK2 DUMPS CVV THE DUMPS FULLZ!!!,0
Passwords sell jabber combo telegram leak database passwords leak combo combo telegram the hash database for combo hash sql for telegram for database dump database passwords leak sql hash contact leak sell the.,For botnet stub c2 jabber sell c2 fud botnet for c2 malware botnet malware fud c2 fud sell and crypter malware c2 crypter rat sell stub...,0
Cve privesc buy and for poc exploit payload jabber the and the payload poc and telegram payload 0day payload poc exploit exploit the poc for payload buy contact poc rce cve poc cve rce buy rce rce payload and exploit...,TRACK2 CVV JABBER TRACK1 SELL DUMPS FULLZ CONTACT TRACK1!!!,0
Jabber exploit privesc cve exploit payload privesc poc for privesc rce privesc poc privesc payload 0day buy cve 0day poc 0day and cve poc payload exploit exploit buy privesc the jabber buy and payload exploit.,Sql database leak sql sql combo combo and hash buy database contact and leak hash combo buy buy hash combo dump dump database sql passwords passwords jabber the.,0
POC EXPLOIT PAYLOAD RCE CVE 0DAY PAYLOAD CVE EXPLOIT CVE FOR BUY EXPLOIT CVE PAYLOAD PRIVESC PRIVESC PAYLOAD 0DAY SELL PAYLOAD PAYLOAD 0DAY THE PRIVESC EXPLOIT BUY EXPLOIT PRIVESC 0DAY BUY CVE POC AND 0DAY PRIVESC PRIVESC PRIVESC EXPLOIT CVE?!,Payload cve privesc 0day rce poc cve 0day 0day contact cve rce jabber poc the payload rce 0day payload privesc privesc exploit poc cve cve privesc...,0
SQL DUMP DATABASE DUMP LEAK BUY PASSWORDS COMBO DATABASE CONTACT LEAK SQL DUMP HASH TELEGRAM PASSWORDS CONTACT COMBO CONTACT COMBO COMBO LEAK PASSWORDS PASSWORDS THE TELEGRAM SELL HASH DATABASE DATABASE HASH DATABASE DUMP DATABASE THE COMBO PASSWORDS SQL SQL DUMP?!,FUD BOTNET BOTNET BOTNET BOTNET CRYPTER MALWARE BOTNET BOTNET CRYPTER STUB MALWARE CONTACT BOTNET STUB FUD C2 FUD CONTACT CONTACT FOR?!,0
AND ACCESS SELL VPN WEBSHELL RDP CPANEL VPN SHELL TELEGRAM SHELL CITRIX FOR CITRIX VPN CPANEL CITRIX CPANEL ACCESS ACCESS SHELL?!,Buy privesc and contact cve poc privesc rce poc poc sell exploit buy and rce cve poc privesc buy rce jabber for 0day poc 0day exploit privesc...,0
AND AND WEBSHELL SHELL SHELL BUY TELEGRAM RDP CITRIX CITRIX VPN CPANEL SHELL TELEGRAM CPANEL SELL SHELL CITRIX BUY TELEGRAM WEBSHELL BUY CITRIX CPANEL VPN CPANEL SELL?!,DATABASE SELL DATABASE BUY AND HASH LEAK BUY TELEGRAM SQL DUMP COMBO DUMP PASSWORDS LEAK SQL SQL DATABASE TELEGRAM CONTACT SQL SQL DUMP COMBO HASH BUY PASSWORDS?!,0
CVV CVV TRACK1 TRACK1 BUY DUMPS FULLZ FOR CVV FULLZ!!!,FOR PAYLOAD EXPLOIT POC AND BUY CVE PAYLOAD FOR EXPLOIT FOR CONTACT PRIVESC EXPLOIT JABBER CVE POC THE BUY PRIVESC BUY PAYLOAD POC EXPLOIT AND BUY EXPLOIT RCE EXPLOIT TELEGRAM AND?!,0
SHELL CITRIX ACCESS RDP ACCESS CPANEL ACCESS CONTACT VPN SHELL RDP JABBER SHELL SHELL RDP SHELL CPANEL CPANEL TELEGRAM CONTACT CPANEL ACCESS?!,Webshell shell rdp vpn citrix shell cpanel access the telegram the the vpn sell for rdp vpn for and shell and citrix webshell for jabber rdp vpn rdp shell access sell shell telegram citrix rdp citrix access sell...,0
CVV FULLZ TRACK1 BUY TRACK1 FULLZ JABBER TRACK1!!!,Track2 fullz sell track2 credit jabber sell fullz dumps track1 track2 the and fullz credit fullz credit fullz credit contact fullz and track2 cvv for fullz cvv track1...,0
CREDIT CONTACT DUMPS FULLZ FULLZ CREDIT DUMPS CREDIT FULLZ FULLZ FULLZ CVV TRACK2 FULLZ CREDIT CREDIT TRACK1 TRACK2 DUMPS FOR CVV FULLZ TRACK2 CREDIT CVV THE CVV?!,WEBSHELL THE RDP FOR FOR CONTACT VPN WEBSHELL SHELL FOR VPN WEBSHELL CONTACT CPANEL CPANEL CPANEL SELL VPN AND CPANEL CITRIX ACCESS CPANEL SELL ACCESS CITRIX CITRIX VPN?!,0
Buy contact contact rce exploit buy 0day privesc payload privesc 0day poc 0day telegram poc 0day contact jabber 0day the privesc sell payload privesc the contact exploit payload.,Sql the database telegram database database passwords hash and database leak dump sql jabber dump passwords leak the telegram sell and hash hash leak passwords hash dump for.,0
Shell vpn rdp rdp citrix shell webshell vpn buy webshell sell vpn webshell the access contact rdp rdp and contact vpn buy...,Malware rat c2 crypter for malware rat sell and malware crypter fud c2 crypter botnet botnet c2 botnet sell for rat and c2 malware botnet and fud buy.,0
Rat sell malware rat c2 c2 botnet the c2 and c2 stub rat telegram stub telegram sell stub and fud botnet rat c2 sell sell the fud jabber botnet malware the fud rat and buy.,CRYPTER CRYPTER BOTNET MALWARE FUD CONTACT CRYPTER THE CRYPTER BUY CRYPTER BOTNET FUD STUB C2 CRYPTER JABBER JABBER STUB MALWARE BOTNET BOTNET AND SELL CRYPTER FUD JABBER STUB MALWARE JABBER CRYPTER AND?!,0
Track2 fullz sell track2 credit jabber sell fullz dumps track1 track2 the and fullz credit fullz credit fullz credit contact fullz and track2 cvv for fullz cvv track1...,Access cpanel sell rdp access rdp sell telegram shell contact sell shell cpanel buy shell the citrix cpanel rdp access webshell access access...,0
CVE RCE CONTACT EXPLOIT JABBER PRIVESC SELL 0DAY EXPLOIT PRIVESC PRIVESC POC 0DAY EXPLOIT 0DAY PRIVESC JABBER PAYLOAD CVE PRIVESC RCE POC RCE PAYLOAD EXPLOIT FOR POC CONTACT PAYLOAD EXPLOIT CVE POC POC TELEGRAM EXPLOIT AND PAYLOAD PRIVESC FOR PAYLOAD?!,Hash hash leak and sell contact dump dump the dump sell leak hash combo dump jabber sql database database contact sell leak sql leak database sql hash jabber passwords for.,0
Access webshell sell rdp vpn rdp and access and vpn citrix sell citrix shell webshell vpn rdp buy shell vpn vpn...,Dump leak combo passwords passwords buy hash hash database the sql hash buy leak hash leak contact contact combo sql sql telegram leak passwords passwords database combo telegram contact passwords telegram sql telegram combo jabber.,0
Cpanel citrix cpanel contact citrix access sell webshell citrix webshell webshell rdp the shell rdp shell vpn shell cpanel rdp webshell shell webshell shell webshell rdp webshell access telegram telegram webshell webshell shell the rdp shell and shell access...,Dump leak combo passwords passwords buy hash hash database the sql hash buy leak hash leak contact contact combo sql sql telegram leak passwords passwords database combo telegram contact passwords telegram sql telegram combo jabber.,0
DUMPS FOR TRACK1 TELEGRAM JABBER FULLZ DUMPS THE THE CVV DUMPS DUMPS JABBER FULLZ CREDIT SELL CREDIT TELEGRAM AND BUY SELL TELEGRAM CVV FOR CREDIT FULLZ SELL?!,Exploit cve cve payload cve payload jabber cve buy the the exploit sell privesc rce privesc and payload payload telegram rce poc exploit 0day poc poc rce 0day jabber for and 0day privesc 0day contact.,0
HASH FOR PASSWORDS THE LEAK TELEGRAM SQL TELEGRAM!!!,CONTACT TELEGRAM TRACK2 TRACK2 CREDIT TRACK1 CVV CVV FULLZ JABBER CONTACT TRACK2 FULLZ CVV FOR THE CVV TRACK2 TELEGRAM FOR THE TELEGRAM TELEGRAM CREDIT SELL TRACK2 CREDIT CONTACT CVV FOR TRACK2?!,0
DUMPS CVV CREDIT TELEGRAM TRACK1 DUMPS FOR CREDIT!!!,Payload exploit for and 0day cve telegram 0day jabber 0day exploit buy exploit privesc rce payload privesc contact poc 0day poc poc payload privesc and rce jabber telegram and.,0
FULLZ CREDIT BUY DUMPS CVV TELEGRAM FOR FOR!!!,Rce 0day cve jabber contact cve poc payload privesc payload rce poc for payload cve exploit 0day jabber rce the exploit poc exploit for exploit 0day poc exploit cve and...,0
CVE EXPLOIT RCE EXPLOIT BUY POC FOR JABBER FOR PAYLOAD JABBER EXPLOIT EXPLOIT CONTACT 0DAY CVE EXPLOIT CVE PAYLOAD EXPLOIT EXPLOIT RCE JABBER 0DAY FOR PRIVESC POC JABBER PRIVESC POC RCE RCE?!,Fud rat crypter jabber stub buy crypter crypter the crypter for crypter malware malware sell sell and rat fud botnet fud telegram botnet fud rat buy crypter...,0
RAT STUB STUB C2 CRYPTER MALWARE RAT FUD FOR BOTNET FUD BOTNET STUB MALWARE BOTNET CRYPTER RAT MALWARE CRYPTER RAT FUD CRYPTER CRYPTER FUD STUB FOR CRYPTER FUD RAT C2 RAT FOR STUB CRYPTER C2 CRYPTER STUB?!,FULLZ SELL THE FULLZ BUY CREDIT TRACK1 AND TRACK2 CREDIT!!!,0
VPN ACCESS SHELL RDP TELEGRAM RDP THE CPANEL ACCESS WEBSHELL RDP WEBSHELL THE CONTACT BUY SHELL CPANEL CONTACT VPN JABBER THE WEBSHELL ACCESS CPANEL CONTACT WEBSHELL WEBSHELL CITRIX THE BUY VPN TELEGRAM RDP?!,Cve buy poc buy payload sell privesc sell poc poc payload sell 0day poc rce privesc sell exploit poc jabber poc privesc 0day and privesc poc cve contact 0day...,0
Buy privesc and contact cve poc privesc rce poc poc sell exploit buy and rce cve poc privesc buy rce jabber for 0day poc 0day exploit privesc...,Cvv and track1 sell fullz and credit track1 credit cvv track1 track2 dumps credit dumps telegram dumps cvv track1 cvv sell credit cvv cvv the telegram cvv credit jabber track2 dumps track2 fullz telegram fullz track2 track2 cvv for for.,0
Rat botnet stub contact crypter crypter jabber fud stub sell sell fud botnet c2 rat crypter jabber rat rat and malware for stub c2 c2 stub c2 botnet crypter crypter stub fud for stub.,0day and poc exploit sell cve payload privesc and rce rce contact poc exploit rce for cve privesc exploit payload the payload 0day telegram sell cve cve payload 0day rce.,0
RAT JABBER THE FOR STUB BUY CRYPTER RAT!!!,FULLZ AND CREDIT CVV TRACK1 CREDIT TRACK1 TRACK2 FULLZ CVV TRACK1 JABBER FULLZ FULLZ CVV CVV DUMPS TRACK2 CVV SELL TRACK2 DUMPS THE SELL DUMPS FOR FULLZ TRACK2 BUY BUY DUMPS TRACK1 SELL TRACK1 TELEGRAM?!,0
STUB FUD RAT FUD RAT CRYPTER CRYPTER RAT FUD STUB BOTNET CRYPTER FUD CRYPTER STUB FUD JABBER C2 THE CRYPTER FOR JABBER STUB BOTNET C2 RAT?!,FULLZ TRACK2 DUMPS CVV THE DUMPS FULLZ!!!,0
FULLZ AND JABBER SELL CONTACT THE TELEGRAM TRACK1 CONTACT TRACK2 CVV TRACK2 FULLZ CREDIT TRACK2 CONTACT FULLZ CONTACT CVV TRACK1 DUMPS FULLZ TRACK1 CVV DUMPS DUMPS BUY TELEGRAM SELL TRACK1 JABBER TELEGRAM CONTACT BUY TRACK1 TRACK2 BUY CONTACT TELEGRAM FULLZ?!,FOR RCE 0DAY AND POC!!!,0
CITRIX SELL RDP CPANEL SHELL CITRIX AND TELEGRAM WEBSHELL VPN ACCESS ACCESS CPANEL TELEGRAM SHELL ACCESS RDP FOR ACCESS CPANEL JABBER CITRIX WEBSHELL SHELL SHELL?!,Poc privesc poc payload payload rce and 0day privesc payload privesc cve payload contact payload 0day buy poc poc cve 0day poc telegram contact poc contact exploit the 0day poc.,0
And cvv dumps track2 fullz credit dumps the buy fullz sell cvv dumps credit the credit track2 telegram fullz fullz fullz contact track1 sell track2 credit.,Poc poc poc and 0day cve payload privesc poc exploit cve exploit telegram sell exploit poc 0day 0day exploit jabber cve rce poc.,0
Leak sql for for passwords dump sell contact the combo database contact dump dump the database the buy leak hash dump dump hash hash and dump passwords dump leak passwords leak hash passwords passwords sql.,SQL DUMP DATABASE DUMP LEAK BUY PASSWORDS COMBO DATABASE CONTACT LEAK SQL DUMP HASH TELEGRAM PASSWORDS CONTACT COMBO CONTACT COMBO COMBO LEAK PASSWORDS PASSWORDS THE TELEGRAM SELL HASH DATABASE DATABASE HASH DATABASE DUMP DATABASE THE COMBO PASSWORDS SQL SQL DUMP?!,0
Jabber telegram stub buy sell malware c2 and stub rat sell c2 rat contact jabber buy fud fud stub fud crypter crypter botnet the c2 crypter fud rat...,And contact telegram leak database combo hash sql buy combo sql combo combo database sell sql sql hash sql database dump and leak leak sql combo passwords passwords leak hash leak combo dump sell hash.,0
SELL DATABASE JABBER COMBO COMBO TELEGRAM DATABASE DUMP THE THE BUY PASSWORDS COMBO SELL DUMP LEAK SQL SELL LEAK AND SQL JABBER PASSWORDS BUY COMBO BUY PASSWORDS FOR BUY HASH HASH LEAK SELL?!,CRYPTER CRYPTER RAT STUB RAT JABBER BOTNET MALWARE CRYPTER SELL FUD THE BOTNET THE CONTACT THE CRYPTER CRYPTER BOTNET BOTNET JABBER STUB FUD JABBER FUD STUB RAT BUY?!,0
DATABASE HASH DATABASE HASH LEAK SQL DATABASE FOR LEAK DUMP DATABASE DUMP LEAK HASH FOR HASH CONTACT TELEGRAM DUMP SQL LEAK PASSWORDS SQL COMBO CONTACT SQL COMBO TELEGRAM HASH JABBER PASSWORDS SELL SELL HASH DATABASE COMBO?!,AND BUY CREDIT TRACK1 CREDIT DUMPS CVV SELL!!!,0
PRIVESC SELL EXPLOIT POC AND POC PAYLOAD PRIVESC POC CVE POC EXPLOIT SELL BUY PAYLOAD SELL PAYLOAD AND POC PRIVESC PRIVESC FOR PAYLOAD RCE?!,SHELL CONTACT SHELL VPN WEBSHELL RDP CPANEL AND CPANEL SHELL JABBER RDP VPN THE CONTACT CITRIX ACCESS WEBSHELL AND VPN VPN WEBSHELL RDP BUY RDP VPN THE SELL FOR CITRIX RDP ACCESS WEBSHELL WEBSHELL THE RDP VPN AND?!,0
Telegram privesc exploit rce poc 0day and poc privesc buy and cve buy cve 0day exploit rce exploit exploit and the rce the contact poc exploit privesc poc for payload rce and payload payload the contact rce.,Cvv track1 for fullz credit and track2 credit the cvv cvv telegram telegram for telegram jabber cvv fullz track2 track1 telegram fullz cvv contact dumps the track1 fullz fullz.,0
0day exploit and 0day rce buy and cve payload sell jabber jabber privesc payload telegram cve cve sell 0day exploit the 0day exploit rce for contact 0day rce 0day for payload rce and jabber poc jabber 0day cve poc cve.,Track2 fullz track2 track1 fullz credit fullz buy track1 credit the cvv jabber track1 track2 fullz the dumps telegram track1 for cvv track1 credit for track1 sell track2 track1 sell track1 contact fullz telegram track2 fullz track2.,0
And poc sell poc exploit sell privesc exploit cve rce cve the 0day cve cve payload cve payload cve exploit cve payload sell 0day.,Privesc cve 0day privesc the poc exploit payload privesc exploit exploit cve exploit contact jabber exploit payload for poc cve exploit exploit the 0day 0day the exploit exploit.,0
COMBO SQL HASH DUMP LEAK COMBO HASH SQL!!!,Rce 0day poc privesc rce payload cve the 0day poc privesc telegram exploit buy poc rce 0day for exploit the and telegram poc cve privesc contact payload payload rce sell poc exploit privesc.,0
Jabber exploit privesc cve exploit payload privesc poc for privesc rce privesc poc privesc payload 0day buy cve 0day poc 0day and cve poc payload exploit exploit buy privesc the jabber buy and payload exploit.,For malware buy c2 telegram botnet buy rat telegram crypter the fud the fud crypter botnet c2 crypter the rat rat stub c2 botnet fud botnet buy jabber rat the malware.,0
The cpanel buy webshell buy rdp access citrix citrix access buy jabber citrix webshell citrix jabber access rdp shell vpn shell rdp contact access citrix access rdp access cpanel jabber citrix cpanel buy webshell contact...,Payload cve privesc 0day rce poc cve 0day 0day contact cve rce jabber poc the payload rce 0day payload privesc privesc exploit poc cve cve privesc...,0
BUY C2 C2 MALWARE C2 CRYPTER BOTNET THE THE RAT FUD BOTNET STUB RAT AND MALWARE CRYPTER C2 STUB RAT STUB AND CRYPTER?!,ACCESS CITRIX CPANEL WEBSHELL CPANEL WEBSHELL SELL BUY CPANEL CITRIX CPANEL CPANEL WEBSHELL CITRIX CITRIX VPN WEBSHELL CPANEL VPN SHELL CITRIX RDP RDP?!,0
VPN ACCESS SHELL RDP TELEGRAM RDP THE CPANEL ACCESS WEBSHELL RDP WEBSHELL THE CONTACT BUY SHELL CPANEL CONTACT VPN JABBER THE WEBSHELL ACCESS CPANEL CONTACT WEBSHELL WEBSHELL CITRIX THE BUY VPN TELEGRAM RDP?!,SELL COMBO BUY DATABASE HASH HASH HASH HASH SQL!!!,0
C2 botnet stub rat rat botnet rat crypter rat crypter buy contact the rat rat malware crypter malware c2 crypter c2 contact c2 rat stub botnet the botnet rat malware sell botnet botnet crypter sell crypter stub.,PAYLOAD RCE RCE PAYLOAD CVE BUY PRIVESC EXPLOIT EXPLOIT 0DAY FOR PAYLOAD CVE CVE JABBER POC TELEGRAM JABBER CVE EXPLOIT POC EXPLOIT CVE PAYLOAD TELEGRAM CVE PRIVESC AND EXPLOIT FOR RCE?!,0
AND BUY CREDIT TRACK1 CREDIT DUMPS CVV SELL!!!,TELEGRAM RCE JABBER POC EXPLOIT THE EXPLOIT CVE SELL POC PRIVESC EXPLOIT EXPLOIT RCE PAYLOAD PAYLOAD PRIVESC BUY PAYLOAD 0DAY CONTACT?!,0
RDP SHELL WEBSHELL THE JABBER CPANEL JABBER CPANEL CONTACT CITRIX TELEGRAM SELL WEBSHELL AND VPN WEBSHELL RDP SHELL CITRIX RDP CONTACT BUY JABBER ACCESS CITRIX CONTACT CPANEL WEBSHELL ACCESS WEBSHELL?!,MALWARE SELL C2 RAT FOR MALWARE RAT CRYPTER BUY MALWARE BOTNET MALWARE MALWARE TELEGRAM FUD BOTNET THE C2 RAT FUD C2 RAT?!,0
Sell hash and database buy database dump dump database the hash leak dump sell leak jabber telegram hash combo hash hash buy combo hash hash leak dump.,DATABASE HASH BUY PASSWORDS PASSWORDS PASSWORDS DUMP DATABASE AND LEAK HASH SELL SELL TELEGRAM HASH LEAK HASH CONTACT TELEGRAM LEAK SELL HASH SQL SELL AND COMBO SQL FOR HASH SELL PASSWORDS HASH DATABASE LEAK CONTACT CONTACT?!,0
Stub botnet fud malware botnet the malware contact rat botnet rat and stub crypter stub rat c2 for fud botnet botnet malware fud jabber buy.,Buy passwords the telegram combo hash for leak database combo contact sql sell hash database sql telegram dump database leak passwords leak database hash combo hash combo combo passwords.,0
And poc sell poc exploit sell privesc exploit cve rce cve the 0day cve cve payload cve payload cve exploit cve payload sell 0day.,Poc poc rce for payload poc cve the rce payload poc rce 0day contact telegram privesc buy payload privesc cve sell cve for.,0
Dumps fullz buy cvv cvv fullz cvv fullz cvv fullz credit track1 track2 cvv and dumps cvv cvv cvv dumps sell for and track2 track2 fullz for cvv.,THE LEAK HASH CONTACT HASH LEAK FOR DUMP TELEGRAM CONTACT THE DUMP DATABASE HASH PASSWORDS LEAK COMBO LEAK JABBER THE THE SQL COMBO HASH DUMP COMBO DATABASE DUMP DATABASE AND LEAK PASSWORDS DUMP AND SQL DATABASE HASH?!,0
CRYPTER CRYPTER RAT STUB RAT JABBER BOTNET MALWARE CRYPTER SELL FUD THE BOTNET THE CONTACT THE CRYPTER CRYPTER BOTNET BOTNET JABBER STUB FUD JABBER FUD STUB RAT BUY?!,Buy poc poc 0day payload payload 0day rce cve and cve cve exploit buy 0day for privesc payload for and privesc 0day privesc contact payload...,0
POC EXPLOIT PAYLOAD RCE CVE 0DAY PAYLOAD CVE EXPLOIT CVE FOR BUY EXPLOIT CVE PAYLOAD PRIVESC PRIVESC PAYLOAD 0DAY SELL PAYLOAD PAYLOAD 0DAY THE PRIVESC EXPLOIT BUY EXPLOIT PRIVESC 0DAY BUY CVE POC AND 0DAY PRIVESC PRIVESC PRIVESC EXPLOIT CVE?!,CREDIT FULLZ TRACK1 THE FOR SELL CVV TRACK1 CVV FOR TELEGRAM CVV SELL AND DUMPS DUMPS SELL CREDIT CVV CONTACT TELEGRAM CREDIT DUMPS CVV TRACK1 CREDIT DUMPS CVV FOR TRACK1 TRACK2?!,0
For malware buy c2 telegram botnet buy rat telegram crypter the fud the fud crypter botnet c2 crypter the rat rat stub c2 botnet fud botnet buy jabber rat the malware.,PRIVESC POC EXPLOIT PRIVESC RCE 0DAY PRIVESC CVE RCE!!!,0
Passwords sell jabber combo telegram leak database passwords leak combo combo telegram the hash database for combo hash sql for telegram for database dump database passwords leak sql hash contact leak sell the.,Cvv and track1 sell fullz and credit track1 credit cvv track1 track2 dumps credit dumps telegram dumps cvv track1 cvv sell credit cvv cvv the telegram cvv credit jabber track2 dumps track2 fullz telegram fullz track2 track2 cvv for for.,0
Exploit payload exploit cve rce privesc and for payload payload privesc privesc exploit privesc 0day and and 0day for poc 0day poc privesc rce and.,Poc cve payload rce exploit poc jabber privesc for jabber 0day rce and and for 0day payload rce privesc jabber cve rce rce payload sell poc...,0
TELEGRAM FOR PAYLOAD PAYLOAD TELEGRAM RCE RCE CVE!!!,Webshell vpn citrix citrix rdp telegram access sell webshell rdp access cpanel buy rdp webshell access vpn rdp citrix telegram access the citrix shell cpanel and cpanel jabber webshell and rdp rdp webshell cpanel webshell access access vpn sell...,0
Database for hash passwords leak combo combo sql combo and hash passwords dump sql sql the and passwords sell the database jabber sql combo database and dump hash dump.,0DAY PRIVESC JABBER PAYLOAD PRIVESC SELL!!!,0
0day and poc exploit sell cve payload privesc and rce rce contact poc exploit rce for cve privesc exploit payload the payload 0day telegram sell cve cve payload 0day rce.,AND BUY CREDIT TRACK1 CREDIT DUMPS CVV SELL!!!,0
RDP BUY WEBSHELL VPN SHELL BUY CONTACT RDP CITRIX VPN FOR SELL CITRIX CONTACT AND RDP WEBSHELL SHELL RDP WEBSHELL ACCESS CONTACT WEBSHELL VPN CITRIX TELEGRAM FOR RDP BUY FOR SHELL?!,JABBER FOR CPANEL CPANEL VPN AND RDP TELEGRAM WEBSHELL CITRIX WEBSHELL WEBSHELL SHELL CITRIX CPANEL FOR FOR CITRIX AND AND RDP VPN BUY ACCESS TELEGRAM WEBSHELL ACCESS?!,0
Stub botnet fud malware botnet the malware contact rat botnet rat and stub crypter stub rat c2 for fud botnet botnet malware fud jabber buy.,PAYLOAD PRIVESC 0DAY 0DAY EXPLOIT AND PAYLOAD PAYLOAD EXPLOIT 0DAY JABBER FOR PAYLOAD PRIVESC RCE CVE POC PRIVESC POC THE CVE EXPLOIT PRIVESC THE PAYLOAD EXPLOIT?!,0
MALWARE BOTNET BOTNET STUB BOTNET!!!,Fud rat crypter jabber stub buy crypter crypter the crypter for crypter malware malware sell sell and rat fud botnet fud telegram botnet fud rat buy crypter...,0
Rat botnet stub contact crypter crypter jabber fud stub sell sell fud botnet c2 rat crypter jabber rat rat and malware for stub c2 c2 stub c2 botnet crypter crypter stub fud for stub.,BUY C2 C2 MALWARE C2 CRYPTER BOTNET THE THE RAT FUD BOTNET STUB RAT AND MALWARE CRYPTER C2 STUB RAT STUB AND CRYPTER?!,0
SQL HASH SQL SQL COMBO PASSWORDS SQL DUMP HASH TELEGRAM LEAK COMBO AND FOR COMBO HASH AND DATABASE COMBO DATABASE DATABASE DATABASE JABBER CONTACT PASSWORDS?!,THE LEAK HASH CONTACT HASH LEAK FOR DUMP TELEGRAM CONTACT THE DUMP DATABASE HASH PASSWORDS LEAK COMBO LEAK JABBER THE THE SQL COMBO HASH DUMP COMBO DATABASE DUMP DATABASE AND LEAK PASSWORDS DUMP AND SQL DATABASE HASH?!,0
The cpanel buy webshell buy rdp access citrix citrix access buy jabber citrix webshell citrix jabber access rdp shell vpn shell rdp contact access citrix access rdp access cpanel jabber citrix cpanel buy webshell contact...,Track2 telegram dumps credit track2 jabber track2 dumps fullz contact and track1 the track1 fullz for track2 the dumps dumps buy telegram fullz dumps track2 telegram and dumps track1 fullz.,0
CITRIX THE RDP ACCESS WEBSHELL JABBER ACCESS ACCESS WEBSHELL ACCESS RDP VPN SHELL SELL CPANEL THE CITRIX CITRIX FOR SHELL AND VPN AND VPN SHELL CITRIX WEBSHELL VPN WEBSHELL ACCESS THE CPANEL ACCESS?!,Access webshell sell rdp vpn rdp and access and vpn citrix sell citrix shell webshell vpn rdp buy shell vpn vpn...,0
Privesc cve 0day privesc the poc exploit payload privesc exploit exploit cve exploit contact jabber exploit payload for poc cve exploit exploit the 0day 0day the exploit exploit.,CVV TRACK2 DUMPS TELEGRAM TELEGRAM TRACK2 FOR SELL TELEGRAM CREDIT TELEGRAM TRACK2 CVV TRACK1 CVV TELEGRAM TRACK2 BUY SELL CVV?!,0
Privesc 0day privesc cve for cve cve poc jabber payload 0day sell rce rce cve payload contact the payload payload privesc privesc poc cve payload payload privesc 0day telegram the contact privesc poc privesc poc payload for sell exploit the.,Stub malware telegram stub stub crypter malware sell c2 botnet c2 telegram jabber botnet jabber jabber crypter telegram sell fud stub rat c2 fud the.,0
THE FOR ACCESS TELEGRAM WEBSHELL TELEGRAM FOR CONTACT BUY VPN ACCESS WEBSHELL CPANEL SHELL ACCESS RDP FOR THE WEBSHELL SHELL WEBSHELL VPN VPN?!,And sell rce cve poc sell payload poc exploit sell 0day jabber rce buy payload sell poc rce exploit 0day poc exploit the rce exploit contact contact buy rce rce payload privesc buy cve exploit and for...,0
TRACK1 FULLZ AND TRACK2 TRACK1 JABBER DUMPS!!!,CVE EXPLOIT PAYLOAD JABBER RCE PAYLOAD TELEGRAM EXPLOIT PRIVESC CVE EXPLOIT EXPLOIT PAYLOAD CVE EXPLOIT POC PRIVESC PAYLOAD FOR 0DAY PAYLOAD PAYLOAD PAYLOAD RCE PAYLOAD 0DAY CONTACT TELEGRAM CVE CVE RCE SELL EXPLOIT?!,0
Leak passwords buy and leak passwords contact sql combo dump dump database sql passwords combo hash combo sell sell leak buy database contact and telegram passwords.,DUMPS TRACK1 THE TRACK1 TRACK1 DUMPS CREDIT THE CREDIT TRACK1 AND TRACK1 TRACK1 FOR TRACK2 TRACK1 AND CREDIT FULLZ THE CONTACT TRACK1 TELEGRAM JABBER THE TRACK1 FULLZ CVV?!,0
PRIVESC SELL EXPLOIT POC AND POC PAYLOAD PRIVESC POC CVE POC EXPLOIT SELL BUY PAYLOAD SELL PAYLOAD AND POC PRIVESC PRIVESC FOR PAYLOAD RCE?!,WEBSHELL TELEGRAM CPANEL WEBSHELL WEBSHELL AND CITRIX WEBSHELL WEBSHELL CPANEL BUY CPANEL WEBSHELL AND CITRIX CITRIX ACCESS CPANEL CPANEL RDP CITRIX WEBSHELL SHELL SELL BUY TELEGRAM CITRIX ACCESS BUY JABBER ACCESS CPANEL ACCESS RDP SHELL WEBSHELL?!,0
CRYPTER STUB STUB BUY RAT C2 JABBER BOTNET AND CRYPTER FUD C2 TELEGRAM BOTNET JABBER RAT STUB STUB RAT RAT STUB FUD CRYPTER?!,FULLZ TRACK1 TRACK1 JABBER DUMPS TRACK1 BUY TRACK1!!!,0
Sql the database telegram database database passwords hash and database leak dump sql jabber dump passwords leak the telegram sell and hash hash leak passwords hash dump for.,CRYPTER CRYPTER RAT STUB RAT JABBER BOTNET MALWARE CRYPTER SELL FUD THE BOTNET THE CONTACT THE CRYPTER CRYPTER BOTNET BOTNET JABBER STUB FUD JABBER FUD STUB RAT BUY?!,0
Exploit rce payload and exploit contact and 0day 0day sell 0day contact rce sell cve cve exploit privesc rce the poc sell cve 0day rce telegram payload cve rce for poc buy privesc for privesc privesc cve rce rce.,Crypter and the malware crypter rat stub crypter sell the stub fud stub fud botnet malware c2 fud c2 stub buy fud c2 stub the malware stub stub c2 rat jabber sell rat buy.,0
Cpanel the shell access cpanel sell rdp and rdp for shell rdp cpanel citrix rdp cpanel cpanel citrix contact jabber rdp for...,Payload 0day cve privesc 0day telegram cve privesc payload the rce payload exploit exploit buy buy payload rce poc poc 0day...,0
BUY COMBO SQL DATABASE SQL PASSWORDS DUMP JABBER LEAK!!!,And contact telegram leak database combo hash sql buy combo sql combo combo database sell sql sql hash sql database dump and leak leak sql combo passwords passwords leak hash leak combo dump sell hash.,0
BUY JABBER DATABASE SQL SQL LEAK LEAK SQL JABBER DATABASE SQL PASSWORDS FOR SQL PASSWORDS PASSWORDS TELEGRAM JABBER PASSWORDS HASH DATABASE COMBO PASSWORDS SQL SELL BUY LEAK SQL COMBO LEAK HASH BUY DATABASE SQL?!,Malware c2 stub stub rat fud contact malware malware fud crypter malware malware crypter fud telegram rat c2 malware sell c2 botnet stub stub.,0
TRACK2 FOR DUMPS FOR CVV DUMPS JABBER CREDIT SELL DUMPS CREDIT TELEGRAM DUMPS TRACK1 TRACK1 DUMPS BUY CVV TRACK1 FULLZ DUMPS DUMPS CREDIT CVV TRACK1 FOR CREDIT TRACK1 CREDIT DUMPS CREDIT DUMPS TRACK1 CONTACT THE TELEGRAM CVV TRACK2 CONTACT CONTACT?!,Buy and privesc and 0day contact buy exploit cve payload and privesc contact 0day 0day exploit and payload sell contact sell exploit privesc jabber payload sell contact payload exploit 0day 0day cve buy cve rce telegram...,0
Sell access webshell citrix rdp citrix vpn webshell shell the vpn vpn access webshell vpn telegram access shell cpanel webshell rdp cpanel...,FUD BOTNET STUB MALWARE MALWARE!!!,0
And access cpanel rdp jabber the vpn citrix access for rdp shell vpn rdp shell citrix vpn telegram cpanel webshell.,THE FOR ACCESS TELEGRAM WEBSHELL TELEGRAM FOR CONTACT BUY VPN ACCESS WEBSHELL CPANEL SHELL ACCESS RDP FOR THE WEBSHELL SHELL WEBSHELL VPN VPN?!,0
Database for hash passwords leak combo combo sql combo and hash passwords dump sql sql the and passwords sell the database jabber sql combo database and dump hash dump.,CREDIT CONTACT DUMPS FULLZ FULLZ CREDIT DUMPS CREDIT FULLZ FULLZ FULLZ CVV TRACK2 FULLZ CREDIT CREDIT TRACK1 TRACK2 DUMPS FOR CVV FULLZ TRACK2 CREDIT CVV THE CVV?!,0
SHELL CITRIX CONTACT CPANEL WEBSHELL AND CPANEL CITRIX CONTACT CONTACT CPANEL SHELL CITRIX VPN RDP SHELL ACCESS JABBER SHELL WEBSHELL?!,For privesc sell exploit buy for cve privesc payload 0day sell privesc cve buy cve privesc poc telegram contact contact payload payload exploit poc payload for exploit exploit jabber payload sell 0day exploit poc rce privesc exploit cve...,0
Exploit cve cve payload cve payload jabber cve buy the the exploit sell privesc rce privesc and payload payload telegram rce poc exploit 0day poc poc rce 0day jabber for and 0day privesc 0day contact.,For sell leak sql database sell jabber sell combo leak telegram dump sell combo leak passwords sell passwords dump sql passwords telegram dump contact sql and sell passwords database contact dump dump passwords jabber dump sell database database dump.,0
0day contact cve buy sell 0day contact 0day and 0day rce cve payload the buy 0day exploit for and exploit cve jabber telegram payload rce exploit exploit and rce cve contact telegram 0day contact exploit rce exploit the buy.,The cpanel buy webshell buy rdp access citrix citrix access buy jabber citrix webshell citrix jabber access rdp shell vpn shell rdp contact access citrix access rdp access cpanel jabber citrix cpanel buy webshell contact...,0
Buy passwords the telegram combo hash for leak database combo contact sql sell hash database sql telegram dump database leak passwords leak database hash combo hash combo combo passwords.,Sql the database telegram database database passwords hash and database leak dump sql jabber dump passwords leak the telegram sell and hash hash leak passwords hash dump for.,0
Poc exploit privesc payload contact poc jabber poc and contact exploit payload payload for privesc sell contact exploit cve telegram exploit poc privesc payload 0day buy sell telegram cve payload poc rce exploit.,Sell malware crypter stub crypter crypter for sell telegram for botnet rat malware the the rat malware jabber botnet for c2 the rat for fud contact the stub fud botnet stub fud.,0
AND CONTACT RAT C2 CRYPTER FUD FOR C2 RAT SELL C2 MALWARE STUB CRYPTER MALWARE FUD BUY TELEGRAM JABBER FUD CRYPTER BOTNET FUD FUD C2 SELL CRYPTER CRYPTER TELEGRAM BOTNET BUY FUD FUD MALWARE FUD STUB C2 FUD?!,And poc sell poc exploit sell privesc exploit cve rce cve the 0day cve cve payload cve payload cve exploit cve payload sell 0day.,0
Database leak leak combo sql sql for sql database jabber dump passwords combo telegram dump passwords sql passwords combo leak and.,BUY C2 C2 MALWARE C2 CRYPTER BOTNET THE THE RAT FUD BOTNET STUB RAT AND MALWARE CRYPTER C2 STUB RAT STUB AND CRYPTER?!,0
CVE RCE CONTACT EXPLOIT JABBER PRIVESC SELL 0DAY EXPLOIT PRIVESC PRIVESC POC 0DAY EXPLOIT 0DAY PRIVESC JABBER PAYLOAD CVE PRIVESC RCE POC RCE PAYLOAD EXPLOIT FOR POC CONTACT PAYLOAD EXPLOIT CVE POC POC TELEGRAM EXPLOIT AND PAYLOAD PRIVESC FOR PAYLOAD?!,Rat sell malware rat c2 c2 botnet the c2 and c2 stub rat telegram stub telegram sell stub and fud botnet rat c2 sell sell the fud jabber botnet malware the fud rat and buy.,0
THE LEAK HASH CONTACT HASH LEAK FOR DUMP TELEGRAM CONTACT THE DUMP DATABASE HASH PASSWORDS LEAK COMBO LEAK JABBER THE THE SQL COMBO HASH DUMP COMBO DATABASE DUMP DATABASE AND LEAK PASSWORDS DUMP AND SQL DATABASE HASH?!,Webshell cpanel citrix citrix cpanel rdp access vpn citrix citrix citrix access webshell cpanel vpn citrix vpn vpn access rdp sell webshell cpanel webshell...,0
Hash passwords hash the combo jabber hash combo jabber dump telegram database dump passwords passwords telegram hash passwords jabber hash the and.,Cve buy poc buy payload sell privesc sell poc poc payload sell 0day poc rce privesc sell exploit poc jabber poc privesc 0day and privesc poc cve contact 0day...,0
FOR FULLZ CREDIT CVV FOR FULLZ!!!,AND FOR DATABASE PASSWORDS SQL HASH DATABASE LEAK SELL FOR DATABASE THE HASH DUMP HASH LEAK DATABASE DUMP DATABASE HASH AND PASSWORDS LEAK SQL SELL PASSWORDS DUMP TELEGRAM AND HASH FOR LEAK?!,0
CVV CVV TRACK1 TRACK1 BUY DUMPS FULLZ FOR CVV FULLZ!!!,BOTNET THE AND C2 CRYPTER BUY CONTACT CRYPTER!!!,0
SHELL THE ACCESS SHELL CITRIX VPN JABBER AND CONTACT SELL VPN ACCESS CITRIX BUY CPANEL CPANEL CONTACT TELEGRAM SHELL ACCESS FOR ACCESS TELEGRAM CPANEL SHELL JABBER CPANEL RDP CPANEL CITRIX SHELL RDP CITRIX?!,TELEGRAM RCE JABBER POC EXPLOIT THE EXPLOIT CVE SELL POC PRIVESC EXPLOIT EXPLOIT RCE PAYLOAD PAYLOAD PRIVESC BUY PAYLOAD 0DAY CONTACT?!,0
Rat botnet stub contact crypter crypter jabber fud stub sell sell fud botnet c2 rat crypter jabber rat rat and malware for stub c2 c2 stub c2 botnet crypter crypter stub fud for stub.,COMBO SQL HASH DUMP LEAK COMBO HASH SQL!!!,0
CREDIT FULLZ TRACK1 THE FOR SELL CVV TRACK1 CVV FOR TELEGRAM CVV SELL AND DUMPS DUMPS SELL CREDIT CVV CONTACT TELEGRAM CREDIT DUMPS CVV TRACK1 CREDIT DUMPS CVV FOR TRACK1 TRACK2?!,Telegram privesc exploit rce poc 0day and poc privesc buy and cve buy cve 0day exploit rce exploit exploit and the rce the contact poc exploit privesc poc for payload rce and payload payload the contact rce.,0
POC 0DAY PRIVESC AND PAYLOAD!!!,Fud rat crypter jabber stub buy crypter crypter the crypter for crypter malware malware sell sell and rat fud botnet fud telegram botnet fud rat buy crypter...,0
Telegram fullz track1 for dumps cvv the credit track1 for cvv track2 dumps credit fullz track1 buy dumps credit contact contact sell fullz fullz cvv credit sell track1 and credit track2 jabber cvv credit fullz contact...,Exploit cve cve payload cve payload jabber cve buy the the exploit sell privesc rce privesc and payload payload telegram rce poc exploit 0day poc poc rce 0day jabber for and 0day privesc 0day contact.,0
Telegram rce privesc exploit poc buy 0day privesc jabber payload privesc cve 0day privesc telegram poc rce payload cve cve exploit rce cve rce exploit payload poc rce cve payload rce rce for telegram cve rce 0day cve for privesc...,Buy fud stub rat stub stub rat malware crypter rat malware telegram crypter botnet botnet contact rat c2 botnet botnet c2.,0
Rce sell exploit telegram rce payload cve cve poc privesc telegram privesc rce cve 0day 0day and for 0day for poc buy poc privesc payload payload cve poc cve.,And track1 buy track1 track2 fullz cvv dumps telegram dumps cvv fullz and jabber the and credit for fullz credit telegram fullz sell for telegram sell track1 cvv track2 fullz telegram cvv track1 and telegram for track1 dumps contact dumps.,0
TELEGRAM THE POC AND POC 0DAY BUY SELL FOR AND PAYLOAD 0DAY PRIVESC 0DAY 0DAY POC EXPLOIT 0DAY PAYLOAD AND POC PAYLOAD TELEGRAM TELEGRAM CVE 0DAY AND?!,Rat rat crypter fud fud malware fud crypter malware crypter crypter telegram crypter crypter rat stub crypter c2 botnet crypter rat rat.,0
Poc exploit privesc payload contact poc jabber poc and contact exploit payload payload for privesc sell contact exploit cve telegram exploit poc privesc payload 0day buy sell telegram cve payload poc rce exploit.,Passwords for database hash for leak sql leak sql dump and buy buy dump contact dump sql dump combo sql contact.,0
RDP SHELL RDP BUY VPN VPN VPN ACCESS WEBSHELL SHELL VPN SHELL VPN WEBSHELL VPN ACCESS FOR CONTACT FOR SELL TELEGRAM SHELL CITRIX RDP SHELL?!,DATABASE AND DATABASE SELL JABBER DATABASE!!!,0
Vpn jabber shell citrix jabber vpn vpn rdp vpn webshell sell citrix rdp webshell access shell the shell jabber webshell shell vpn rdp cpanel for telegram citrix rdp webshell...,And track1 buy track1 track2 fullz cvv dumps telegram dumps cvv fullz and jabber the and credit for fullz credit telegram fullz sell for telegram sell track1 cvv track2 fullz telegram cvv track1 and telegram for track1 dumps contact dumps.,0
DATABASE AND SELL JABBER COMBO DUMP CONTACT SELL DATABASE SQL!!!,Passwords leak dump database database combo combo leak dump passwords sql contact database leak and dump for leak combo database the buy database sell database leak database dump jabber sql the.,0
DATABASE AND DATABASE SELL JABBER DATABASE!!!,Rat and stub the rat and fud for fud jabber stub fud the malware and botnet sell botnet c2 stub fud rat crypter fud sell crypter fud fud malware for buy crypter stub telegram...,0
Leak passwords buy and leak passwords contact sql combo dump dump database sql passwords combo hash combo sell sell leak buy database contact and telegram passwords.,Track2 cvv fullz telegram track2 track1 track1 dumps track1 contact credit track1 credit the dumps credit track1 dumps cvv sell cvv credit...,0
SHELL CONTACT SHELL VPN WEBSHELL RDP CPANEL AND CPANEL SHELL JABBER RDP VPN THE CONTACT CITRIX ACCESS WEBSHELL AND VPN VPN WEBSHELL RDP BUY RDP VPN THE SELL FOR CITRIX RDP ACCESS WEBSHELL WEBSHELL THE RDP VPN AND?!,CVE TELEGRAM CVE EXPLOIT CONTACT PRIVESC 0DAY 0DAY CVE RCE FOR PAYLOAD PRIVESC CVE PAYLOAD 0DAY RCE THE POC TELEGRAM JABBER POC POC RCE RCE PAYLOAD 0DAY RCE?!,0
Stub fud buy buy malware for rat jabber the fud c2 fud and malware crypter fud rat for botnet rat botnet c2 and stub botnet telegram crypter c2 rat and rat malware...,C2 sell c2 fud fud for fud crypter crypter stub rat crypter buy c2 fud malware c2 contact rat sell c2 jabber sell malware crypter c2 stub stub botnet sell and crypter botnet botnet...,0
Shell access citrix webshell sell citrix and vpn shell citrix rdp jabber shell access access access rdp cpanel citrix buy webshell shell shell citrix sell for cpanel for shell shell citrix sell jabber webshell vpn...,Telegram for poc poc exploit exploit privesc poc rce rce payload exploit 0day 0day rce privesc rce poc contact 0day exploit poc for for rce...,0
And access cpanel rdp jabber the vpn citrix access for rdp shell vpn rdp shell citrix vpn telegram cpanel webshell.,And track1 buy track1 track2 fullz cvv dumps telegram dumps cvv fullz and jabber the and credit for fullz credit telegram fullz sell for telegram sell track1 cvv track2 fullz telegram cvv track1 and telegram for track1 dumps contact dumps.,0
Citrix vpn webshell cpanel the rdp and shell cpanel rdp vpn access shell telegram sell telegram webshell citrix access citrix rdp...,SELL COMBO BUY DATABASE HASH HASH HASH HASH SQL!!!,0
Credit sell contact track2 dumps dumps track1 and dumps dumps for dumps buy track2 cvv dumps dumps jabber cvv jabber dumps track1 fullz fullz track1 credit fullz telegram credit credit the track2 dumps dumps fullz and dumps track2 buy.,BUY COMBO SQL DATABASE SQL PASSWORDS DUMP JABBER LEAK!!!,0
PAYLOAD BUY CVE PRIVESC POC EXPLOIT EXPLOIT POC POC CVE EXPLOIT CVE EXPLOIT CONTACT JABBER CVE PRIVESC TELEGRAM AND THE PRIVESC EXPLOIT RCE PAYLOAD BUY POC CVE CONTACT FOR RCE POC CONTACT RCE BUY?!,Fud rat crypter jabber stub buy crypter crypter the crypter for crypter malware malware sell sell and rat fud botnet fud telegram botnet fud rat buy crypter...,0
JABBER FOR CPANEL CPANEL VPN AND RDP TELEGRAM WEBSHELL CITRIX WEBSHELL WEBSHELL SHELL CITRIX CPANEL FOR FOR CITRIX AND AND RDP VPN BUY ACCESS TELEGRAM WEBSHELL ACCESS?!,FULLZ SELL THE FULLZ BUY CREDIT TRACK1 AND TRACK2 CREDIT!!!,0
Buy botnet stub telegram sell malware and stub for botnet rat c2 c2 the crypter crypter the jabber contact stub c2 malware for sell stub.,Credit sell contact track2 dumps dumps track1 and dumps dumps for dumps buy track2 cvv dumps dumps jabber cvv jabber dumps track1 fullz fullz track1 credit fullz telegram credit credit the track2 dumps dumps fullz and dumps track2 buy.,0
CRYPTER CRYPTER BOTNET MALWARE FUD CONTACT CRYPTER THE CRYPTER BUY CRYPTER BOTNET FUD STUB C2 CRYPTER JABBER JABBER STUB MALWARE BOTNET BOTNET AND SELL CRYPTER FUD JABBER STUB MALWARE JABBER CRYPTER AND?!,Credit sell contact track2 dumps dumps track1 and dumps dumps for dumps buy track2 cvv dumps dumps jabber cvv jabber dumps track1 fullz fullz track1 credit fullz telegram credit credit the track2 dumps dumps fullz and dumps track2 buy.,0
Malware rat c2 crypter for malware rat sell and malware crypter fud c2 crypter botnet botnet c2 botnet sell for rat and c2 malware botnet and fud buy.,SELL COMBO BUY DATABASE HASH HASH HASH HASH SQL!!!,0
PAYLOAD PRIVESC 0DAY 0DAY EXPLOIT AND PAYLOAD PAYLOAD EXPLOIT 0DAY JABBER FOR PAYLOAD PRIVESC RCE CVE POC PRIVESC POC THE CVE EXPLOIT PRIVESC THE PAYLOAD EXPLOIT?!,HASH DUMP COMBO DUMP PASSWORDS SQL DUMP!!!,0
Sell hash and database buy database dump dump database the hash leak dump sell leak jabber telegram hash combo hash hash buy combo hash hash leak dump.,DUMPS TRACK1 THE TRACK1 TRACK1 DUMPS CREDIT THE CREDIT TRACK1 AND TRACK1 TRACK1 FOR TRACK2 TRACK1 AND CREDIT FULLZ THE CONTACT TRACK1 TELEGRAM JABBER THE TRACK1 FULLZ CVV?!,0
THE CITRIX CITRIX ACCESS VPN CONTACT CONTACT BUY ACCESS RDP CITRIX AND CITRIX VPN CITRIX CPANEL RDP SHELL WEBSHELL JABBER ACCESS ACCESS VPN CPANEL ACCESS VPN RDP SELL?!,Shell vpn shell webshell shell cpanel citrix webshell shell citrix webshell citrix buy cpanel cpanel and cpanel webshell cpanel for sell buy...,0
CONTACT TELEGRAM TRACK2 TRACK2 CREDIT TRACK1 CVV CVV FULLZ JABBER CONTACT TRACK2 FULLZ CVV FOR THE CVV TRACK2 TELEGRAM FOR THE TELEGRAM TELEGRAM CREDIT SELL TRACK2 CREDIT CONTACT CVV FOR TRACK2?!,Jabber exploit privesc cve exploit payload privesc poc for privesc rce privesc poc privesc payload 0day buy cve 0day poc 0day and cve poc payload exploit exploit buy privesc the jabber buy and payload exploit.,0
Passwords sell telegram leak sql jabber contact sql hash database combo and the database hash hash database passwords passwords sql buy the hash.,TELEGRAM RCE JABBER POC EXPLOIT THE EXPLOIT CVE SELL POC PRIVESC EXPLOIT EXPLOIT RCE PAYLOAD PAYLOAD PRIVESC BUY PAYLOAD 0DAY CONTACT?!,0
FOR VPN WEBSHELL TELEGRAM SHELL CITRIX THE VPN!!!,Dump telegram sql telegram database sql hash passwords passwords leak sql database leak database combo dump passwords buy sql combo passwords contact the passwords sql.,0
Privesc poc privesc for jabber 0day cve 0day buy the exploit poc exploit payload exploit poc the poc for the telegram cve cve sell rce poc buy 0day privesc for rce...,TRACK2 CREDIT FOR CVV TRACK1 TRACK1 CONTACT SELL DUMPS DUMPS CONTACT AND TRACK1 THE TRACK1 DUMPS TELEGRAM JABBER DUMPS DUMPS DUMPS THE TRACK1 AND CVV CREDIT FULLZ CREDIT DUMPS AND CREDIT TRACK2 CVV FULLZ THE FULLZ DUMPS CVV FOR FULLZ?!,0
RDP SHELL WEBSHELL THE JABBER CPANEL JABBER CPANEL CONTACT CITRIX TELEGRAM SELL WEBSHELL AND VPN WEBSHELL RDP SHELL CITRIX RDP CONTACT BUY JABBER ACCESS CITRIX CONTACT CPANEL WEBSHELL ACCESS WEBSHELL?!,CPANEL ACCESS WEBSHELL RDP ACCESS CITRIX JABBER VPN SHELL THE ACCESS JABBER SELL RDP RDP TELEGRAM SELL AND CONTACT CPANEL CPANEL JABBER SHELL WEBSHELL CPANEL RDP CPANEL CITRIX RDP JABBER ACCESS AND?!,0
Cpanel access cpanel access access webshell telegram vpn webshell jabber for rdp access shell the contact citrix telegram access access rdp cpanel shell...,CRYPTER CRYPTER RAT STUB RAT JABBER BOTNET MALWARE CRYPTER SELL FUD THE BOTNET THE CONTACT THE CRYPTER CRYPTER BOTNET BOTNET JABBER STUB FUD JABBER FUD STUB RAT BUY?!,0
The database and combo sql jabber dump leak combo hash buy dump combo sql contact combo buy leak database contact combo dump combo and combo combo leak.,MALWARE AND CRYPTER C2 FUD RAT CRYPTER STUB BOTNET RAT STUB MALWARE MALWARE CRYPTER SELL AND MALWARE FUD MALWARE CRYPTER CONTACT MALWARE C2 MALWARE AND FUD BOTNET C2 BOTNET C2?!,0
Webshell buy jabber vpn vpn the citrix webshell and for vpn citrix citrix citrix vpn the webshell rdp shell citrix...,TELEGRAM TRACK1 BUY TRACK1 BUY DUMPS THE TRACK1!!!,0
Exploit and privesc 0day exploit jabber rce cve 0day contact sell 0day payload telegram contact privesc cve poc and exploit privesc buy poc cve 0day...,PRIVESC SELL EXPLOIT POC AND POC PAYLOAD PRIVESC POC CVE POC EXPLOIT SELL BUY PAYLOAD SELL PAYLOAD AND POC PRIVESC PRIVESC FOR PAYLOAD RCE?!,0
AND CREDIT DUMPS CVV FULLZ CVV DUMPS FULLZ CVV FULLZ FULLZ TRACK1 CONTACT CVV AND FULLZ THE CONTACT TRACK2 DUMPS THE BUY THE JABBER FULLZ BUY SELL TRACK1 CREDIT CONTACT BUY?!,Hash passwords hash the combo jabber hash combo jabber dump telegram database dump passwords passwords telegram hash passwords jabber hash the and.,0
BOTNET THE AND C2 CRYPTER BUY CONTACT CRYPTER!!!,FUD BOTNET STUB MALWARE MALWARE!!!,0
JABBER CVV TELEGRAM JABBER TRACK1 TRACK1 CREDIT DUMPS FULLZ!!!,PASSWORDS DATABASE PASSWORDS DUMP AND THE PASSWORDS SQL TELEGRAM SELL HASH HASH FOR SELL SQL THE COMBO LEAK TELEGRAM COMBO TELEGRAM SQL DUMP SQL HASH DUMP COMBO PASSWORDS LEAK HASH AND BUY LEAK PASSWORDS TELEGRAM TELEGRAM AND SQL?!,0
WEBSHELL TELEGRAM CPANEL WEBSHELL WEBSHELL AND CITRIX WEBSHELL WEBSHELL CPANEL BUY CPANEL WEBSHELL AND CITRIX CITRIX ACCESS CPANEL CPANEL RDP CITRIX WEBSHELL SHELL SELL BUY TELEGRAM CITRIX ACCESS BUY JABBER ACCESS CPANEL ACCESS RDP SHELL WEBSHELL?!,Track2 fullz sell track2 credit jabber sell fullz dumps track1 track2 the and fullz credit fullz credit fullz credit contact fullz and track2 cvv for fullz cvv track1...,0
Cpanel the shell access cpanel sell rdp and rdp for shell rdp cpanel citrix rdp cpanel cpanel citrix contact jabber rdp for...,Stub botnet fud malware botnet the malware contact rat botnet rat and stub crypter stub rat c2 for fud botnet botnet malware fud jabber buy.,0
ACCESS AND CPANEL VPN SHELL VPN CITRIX WEBSHELL RDP ACCESS THE CPANEL VPN THE VPN RDP ACCESS CPANEL RDP BUY CPANEL?!,DATABASE SELL DATABASE BUY AND HASH LEAK BUY TELEGRAM SQL DUMP COMBO DUMP PASSWORDS LEAK SQL SQL DATABASE TELEGRAM CONTACT SQL SQL DUMP COMBO HASH BUY PASSWORDS?!,0
Poc contact 0day jabber poc privesc 0day privesc payload exploit cve jabber the the rce rce poc rce and payload telegram privesc poc buy 0day payload sell.,Sell passwords and jabber leak buy telegram hash passwords database hash dump and passwords telegram combo combo passwords database for combo database contact and combo and combo combo leak combo leak the dump sql sql passwords combo.,0
Sql the database telegram database database passwords hash and database leak dump sql jabber dump passwords leak the telegram sell and hash hash leak passwords hash dump for.,Rce poc the and rce for contact payload rce rce cve exploit payload 0day cve privesc 0day cve privesc buy...,0
For combo leak telegram passwords hash telegram database for sql hash jabber for hash sell sql combo database passwords passwords hash jabber contact sql for database passwords dump jabber and database sql passwords combo sql database passwords the dump...,Shell vpn rdp rdp citrix shell webshell vpn buy webshell sell vpn webshell the access contact rdp rdp and contact vpn buy...,0
Telegram fud fud botnet fud sell malware stub fud for crypter malware crypter rat fud and botnet the crypter rat rat sell malware and c2.,CVV DUMPS FULLZ CVV FULLZ CVV BUY CVV AND TRACK2 DUMPS CVV CONTACT JABBER TRACK2 TRACK2 CREDIT SELL DUMPS TRACK2 TRACK2 CVV FOR BUY AND TRACK2 CONTACT TRACK2 BUY CVV CREDIT?!,0
AND BUY CREDIT TRACK1 CREDIT DUMPS CVV SELL!!!,CREDIT CVV CREDIT TRACK2 CVV!!!,0
JABBER CVV TELEGRAM JABBER TRACK1 TRACK1 CREDIT DUMPS FULLZ!!!,TRACK2 FOR DUMPS FOR CVV DUMPS JABBER CREDIT SELL DUMPS CREDIT TELEGRAM DUMPS TRACK1 TRACK1 DUMPS BUY CVV TRACK1 FULLZ DUMPS DUMPS CREDIT CVV TRACK1 FOR CREDIT TRACK1 CREDIT DUMPS CREDIT DUMPS TRACK1 CONTACT THE TELEGRAM CVV TRACK2 CONTACT CONTACT?!,0
Hash passwords hash the combo jabber hash combo jabber dump telegram database dump passwords passwords telegram hash passwords jabber hash the and.,AND AND WEBSHELL SHELL SHELL BUY TELEGRAM RDP CITRIX CITRIX VPN CPANEL SHELL TELEGRAM CPANEL SELL SHELL CITRIX BUY TELEGRAM WEBSHELL BUY CITRIX CPANEL VPN CPANEL SELL?!,0
VPN WEBSHELL WEBSHELL ACCESS RDP JABBER WEBSHELL ACCESS RDP CPANEL SELL SHELL CITRIX TELEGRAM JABBER CPANEL CPANEL TELEGRAM RDP SHELL TELEGRAM SHELL CITRIX SHELL?!,Telegram c2 the c2 malware crypter stub c2 telegram malware rat rat fud botnet crypter sell fud c2 stub malware and c2 and malware malware botnet fud botnet for crypter stub stub rat crypter c2 stub the.,0
Fud c2 fud stub malware botnet sell botnet c2 rat botnet c2 contact stub rat sell stub c2 rat botnet sell crypter rat fud the fud rat jabber sell rat fud buy c2 rat fud sell botnet malware...,DUMPS TRACK1 THE TRACK1 TRACK1 DUMPS CREDIT THE CREDIT TRACK1 AND TRACK1 TRACK1 FOR TRACK2 TRACK1 AND CREDIT FULLZ THE CONTACT TRACK1 TELEGRAM JABBER THE TRACK1 FULLZ CVV?!,0
FULLZ AND JABBER SELL CONTACT THE TELEGRAM TRACK1 CONTACT TRACK2 CVV TRACK2 FULLZ CREDIT TRACK2 CONTACT FULLZ CONTACT CVV TRACK1 DUMPS FULLZ TRACK1 CVV DUMPS DUMPS BUY TELEGRAM SELL TRACK1 JABBER TELEGRAM CONTACT BUY TRACK1 TRACK2 BUY CONTACT TELEGRAM FULLZ?!,Crypter botnet fud for stub stub crypter rat the and c2 rat buy crypter buy fud and the crypter c2...,0
The and sell dump combo hash database dump hash sql and contact sell database database dump sql dump combo leak database telegram hash leak database passwords leak passwords passwords telegram hash sql combo the hash leak hash.,And sell rce cve poc sell payload poc exploit sell 0day jabber rce buy payload sell poc rce exploit 0day poc exploit the rce exploit contact contact buy rce rce payload privesc buy cve exploit and for...,0
Cve telegram payload cve rce exploit payload for cve poc jabber exploit cve exploit poc cve and cve payload cve privesc the exploit telegram exploit exploit jabber telegram cve poc sell buy 0day cve payload the poc poc...,TELEGRAM CVV DUMPS DUMPS AND DUMPS JABBER TRACK1 CREDIT CREDIT SELL DUMPS CREDIT DUMPS TRACK2 TRACK2 TRACK1 FULLZ TRACK1 JABBER TRACK1 CONTACT CVV CVV SELL CONTACT CREDIT?!,0
The sell contact payload 0day poc privesc privesc rce jabber payload poc telegram sell cve privesc privesc exploit telegram rce 0day payload the rce the sell for 0day exploit jabber payload...,Buy telegram cvv dumps jabber cvv track2 fullz dumps dumps dumps cvv jabber cvv for track2 telegram contact credit credit dumps dumps credit track1 fullz track1 fullz.,0
Telegram rce privesc exploit poc buy 0day privesc jabber payload privesc cve 0day privesc telegram poc rce payload cve cve exploit rce cve rce exploit payload poc rce cve payload rce rce for telegram cve rce 0day cve for privesc...,Rat c2 c2 telegram buy stub malware fud the botnet and crypter contact rat crypter jabber fud crypter stub the and malware stub fud fud malware botnet for the crypter rat c2 stub rat fud rat rat c2 for crypter...,0
CITRIX SELL RDP CPANEL SHELL CITRIX AND TELEGRAM WEBSHELL VPN ACCESS ACCESS CPANEL TELEGRAM SHELL ACCESS RDP FOR ACCESS CPANEL JABBER CITRIX WEBSHELL SHELL SHELL?!,CVE CVE EXPLOIT PRIVESC CONTACT THE PRIVESC!!!,0
TELEGRAM COMBO COMBO DATABASE HASH HASH DATABASE DUMP SELL DATABASE DATABASE HASH TELEGRAM CONTACT SQL AND DATABASE BUY CONTACT DATABASE COMBO LEAK DUMP THE SQL THE LEAK LEAK SQL?!,CVE RCE CONTACT EXPLOIT JABBER PRIVESC SELL 0DAY EXPLOIT PRIVESC PRIVESC POC 0DAY EXPLOIT 0DAY PRIVESC JABBER PAYLOAD CVE PRIVESC RCE POC RCE PAYLOAD EXPLOIT FOR POC CONTACT PAYLOAD EXPLOIT CVE POC POC TELEGRAM EXPLOIT AND PAYLOAD PRIVESC FOR PAYLOAD?!,0
SQL TELEGRAM LEAK FOR HASH JABBER THE SQL DUMP COMBO!!!,PAYLOAD PRIVESC SELL POC EXPLOIT POC POC RCE RCE CVE PAYLOAD RCE CVE PAYLOAD 0DAY THE RCE 0DAY RCE 0DAY PAYLOAD RCE EXPLOIT RCE?!,0
BUY TRACK1 CVV CREDIT FULLZ DUMPS!!!,CREDIT THE CVV TRACK1 JABBER TRACK2 TRACK2 CREDIT TRACK2!!!,0
PAYLOAD CONTACT CONTACT AND RCE CVE JABBER PRIVESC FOR THE PAYLOAD PRIVESC POC PRIVESC PAYLOAD PRIVESC JABBER POC POC BUY AND JABBER PAYLOAD PAYLOAD EXPLOIT CONTACT SELL EXPLOIT CVE POC SELL?!,Cpanel citrix cpanel contact citrix access sell webshell citrix webshell webshell rdp the shell rdp shell vpn shell cpanel rdp webshell shell webshell shell webshell rdp webshell access telegram telegram webshell webshell shell the rdp shell and shell access...,0
For sell leak sql database sell jabber sell combo leak telegram dump sell combo leak passwords sell passwords dump sql passwords telegram dump contact sql and sell passwords database contact dump dump passwords jabber dump sell database database dump.,RDP SHELL WEBSHELL THE JABBER CPANEL JABBER CPANEL CONTACT CITRIX TELEGRAM SELL WEBSHELL AND VPN WEBSHELL RDP SHELL CITRIX RDP CONTACT BUY JABBER ACCESS CITRIX CONTACT CPANEL WEBSHELL ACCESS WEBSHELL?!,0
DUMPS TRACK1 THE TRACK1 TRACK1 DUMPS CREDIT THE CREDIT TRACK1 AND TRACK1 TRACK1 FOR TRACK2 TRACK1 AND CREDIT FULLZ THE CONTACT TRACK1 TELEGRAM JABBER THE TRACK1 FULLZ CVV?!,AND FOR DATABASE PASSWORDS SQL HASH DATABASE LEAK SELL FOR DATABASE THE HASH DUMP HASH LEAK DATABASE DUMP DATABASE HASH AND PASSWORDS LEAK SQL SELL PASSWORDS DUMP TELEGRAM AND HASH FOR LEAK?!,0
STUB STUB BOTNET STUB BOTNET RAT STUB TELEGRAM!!!,COMBO CONTACT THE PASSWORDS CONTACT BUY DATABASE FOR TELEGRAM SQL HASH DUMP COMBO CONTACT LEAK TELEGRAM COMBO COMBO AND PASSWORDS SELL HASH DUMP DATABASE JABBER HASH DATABASE PASSWORDS HASH DUMP DUMP JABBER COMBO LEAK HASH BUY HASH DUMP?!,0
For malware malware botnet sell botnet rat fud stub fud rat contact botnet the rat for malware fud for rat fud crypter telegram c2 c2 rat malware crypter for botnet fud fud...,TELEGRAM TRACK1 BUY TRACK1 BUY DUMPS THE TRACK1!!!,0
Credit sell contact track2 dumps dumps track1 and dumps dumps for dumps buy track2 cvv dumps dumps jabber cvv jabber dumps track1 fullz fullz track1 credit fullz telegram credit credit the track2 dumps dumps fullz and dumps track2 buy.,Dump telegram sql telegram database sql hash passwords passwords leak sql database leak database combo dump passwords buy sql combo passwords contact the passwords sql.,0
Telegram cpanel sell sell rdp rdp citrix cpanel shell access vpn rdp cpanel access vpn the webshell telegram buy sell cpanel rdp for vpn jabber rdp for vpn for webshell vpn webshell vpn access shell rdp webshell...,And access cpanel rdp jabber the vpn citrix access for rdp shell vpn rdp shell citrix vpn telegram cpanel webshell.,0
BUY COMBO SQL DATABASE SQL PASSWORDS DUMP JABBER LEAK!!!,For botnet stub c2 jabber sell c2 fud botnet for c2 malware botnet malware fud c2 fud sell and crypter malware c2 crypter rat sell stub...,0
WEBSHELL THE RDP FOR FOR CONTACT VPN WEBSHELL SHELL FOR VPN WEBSHELL CONTACT CPANEL CPANEL CPANEL SELL VPN AND CPANEL CITRIX ACCESS CPANEL SELL ACCESS CITRIX CITRIX VPN?!,Access cpanel access sell rdp webshell sell cpanel buy contact webshell citrix the buy telegram access jabber the webshell sell...,0
And poc sell poc exploit sell privesc exploit cve rce cve the 0day cve cve payload cve payload cve exploit cve payload sell 0day.,FUD BOTNET STUB MALWARE MALWARE!!!,0
BUY JABBER DATABASE SQL SQL LEAK LEAK SQL JABBER DATABASE SQL PASSWORDS FOR SQL PASSWORDS PASSWORDS TELEGRAM JABBER PASSWORDS HASH DATABASE COMBO PASSWORDS SQL SELL BUY LEAK SQL COMBO LEAK HASH BUY DATABASE SQL?!,Privesc cve 0day privesc the poc exploit payload privesc exploit exploit cve exploit contact jabber exploit payload for poc cve exploit exploit the 0day 0day the exploit exploit.,0
Poc poc rce for payload poc cve the rce payload poc rce 0day contact telegram privesc buy payload privesc cve sell cve for.,DUMPS JABBER THE TRACK2 JABBER CREDIT CREDIT CREDIT TRACK2 CREDIT TRACK2 DUMPS BUY SELL FOR TRACK2 TRACK2 FULLZ THE DUMPS CVV TELEGRAM FOR CVV FULLZ TELEGRAM FULLZ CREDIT TRACK2 DUMPS?!,0
FUD JABBER BOTNET THE C2 FOR STUB C2 CONTACT CRYPTER RAT BOTNET BOTNET MALWARE STUB FUD BUY AND RAT SELL FOR BUY BOTNET C2 BOTNET STUB CONTACT BUY BOTNET MALWARE BOTNET C2 FUD C2 BOTNET?!,CVE EXPLOIT PAYLOAD JABBER RCE PAYLOAD TELEGRAM EXPLOIT PRIVESC CVE EXPLOIT EXPLOIT PAYLOAD CVE EXPLOIT POC PRIVESC PAYLOAD FOR 0DAY PAYLOAD PAYLOAD PAYLOAD RCE PAYLOAD 0DAY CONTACT TELEGRAM CVE CVE RCE SELL EXPLOIT?!,0
For leak combo dump sql dump dump sql sql dump leak dump passwords sql combo hash hash combo combo sell sql for telegram hash dump telegram passwords database hash combo database passwords and telegram the sql passwords.,PAYLOAD PRIVESC SELL POC EXPLOIT POC POC RCE RCE CVE PAYLOAD RCE CVE PAYLOAD 0DAY THE RCE 0DAY RCE 0DAY PAYLOAD RCE EXPLOIT RCE?!,0
DUMPS CVV CREDIT TELEGRAM TRACK1 DUMPS FOR CREDIT!!!,JABBER CVV TELEGRAM JABBER TRACK1 TRACK1 CREDIT DUMPS FULLZ!!!,0
Sql the database telegram database database passwords hash and database leak dump sql jabber dump passwords leak the telegram sell and hash hash leak passwords hash dump for.,AND ACCESS SELL VPN WEBSHELL RDP CPANEL VPN SHELL TELEGRAM SHELL CITRIX FOR CITRIX VPN CPANEL CITRIX CPANEL ACCESS ACCESS SHELL?!,0
Rat botnet stub contact crypter crypter jabber fud stub sell sell fud botnet c2 rat crypter jabber rat rat and malware for stub c2 c2 stub c2 botnet crypter crypter stub fud for stub.,RDP SHELL RDP BUY VPN VPN VPN ACCESS WEBSHELL SHELL VPN SHELL VPN WEBSHELL VPN ACCESS FOR CONTACT FOR SELL TELEGRAM SHELL CITRIX RDP SHELL?!,0
Telegram poc for sell privesc exploit sell rce privesc cve the privesc rce 0day 0day exploit poc exploit privesc contact 0day exploit 0day...,Rce sell exploit telegram rce payload cve cve poc privesc telegram privesc rce cve 0day 0day and for 0day for poc buy poc privesc payload payload cve poc cve.,0
And cvv dumps track2 fullz credit dumps the buy fullz sell cvv dumps credit the credit track2 telegram fullz fullz fullz contact track1 sell track2 credit.,Vpn and citrix rdp access rdp jabber contact cpanel jabber contact webshell shell rdp access webshell cpanel citrix and access cpanel sell rdp citrix telegram rdp webshell shell cpanel rdp...,0
RDP SHELL RDP BUY VPN VPN VPN ACCESS WEBSHELL SHELL VPN SHELL VPN WEBSHELL VPN ACCESS FOR CONTACT FOR SELL TELEGRAM SHELL CITRIX RDP SHELL?!,Rce poc the and rce for contact payload rce rce cve exploit payload 0day cve privesc 0day cve privesc buy...,0
Poc 0day and contact 0day 0day rce payload payload 0day 0day cve payload jabber privesc rce poc cve poc payload payload exploit cve cve poc.,SQL DUMP DATABASE DUMP LEAK BUY PASSWORDS COMBO DATABASE CONTACT LEAK SQL DUMP HASH TELEGRAM PASSWORDS CONTACT COMBO CONTACT COMBO COMBO LEAK PASSWORDS PASSWORDS THE TELEGRAM SELL HASH DATABASE DATABASE HASH DATABASE DUMP DATABASE THE COMBO PASSWORDS SQL SQL DUMP?!,0
Jabber exploit privesc cve exploit payload privesc poc for privesc rce privesc poc privesc payload 0day buy cve 0day poc 0day and cve poc payload exploit exploit buy privesc the jabber buy and payload exploit.,Sell fullz track1 fullz credit dumps dumps sell dumps track2 credit contact dumps contact fullz dumps track1 sell telegram track2 buy jabber track1 and...,0
Cve telegram payload cve rce exploit payload for cve poc jabber exploit cve exploit poc cve and cve payload cve privesc the exploit telegram exploit exploit jabber telegram cve poc sell buy 0day cve payload the poc poc...,AND SQL DATABASE SQL JABBER SQL DATABASE DUMP THE DATABASE SQL BUY TELEGRAM THE HASH DUMP FOR CONTACT SELL DATABASE THE COMBO CONTACT HASH DUMP PASSWORDS THE PASSWORDS HASH CONTACT DUMP PASSWORDS PASSWORDS?!,0
Payload 0day cve privesc 0day telegram cve privesc payload the rce payload exploit exploit buy buy payload rce poc poc 0day...,Stub fud buy buy malware for rat jabber the fud c2 fud and malware crypter fud rat for botnet rat botnet c2 and stub botnet telegram crypter c2 rat and rat malware...,0
For leak combo dump sql dump dump sql sql dump leak dump passwords sql combo hash hash combo combo sell sql for telegram hash dump telegram passwords database hash combo database passwords and telegram the sql passwords.,Rce poc the and rce for contact payload rce rce cve exploit payload 0day cve privesc 0day cve privesc buy...,0
And contact telegram leak database combo hash sql buy combo sql combo combo database sell sql sql hash sql database dump and leak leak sql combo passwords passwords leak hash leak combo dump sell hash.,THE FOR DUMPS TRACK1 CVV CVV SELL AND!!!,0
And track1 buy track1 track2 fullz cvv dumps telegram dumps cvv fullz and jabber the and credit for fullz credit telegram fullz sell for telegram sell track1 cvv track2 fullz telegram cvv track1 and telegram for track1 dumps contact dumps.,AND FOR DATABASE PASSWORDS SQL HASH DATABASE LEAK SELL FOR DATABASE THE HASH DUMP HASH LEAK DATABASE DUMP DATABASE HASH AND PASSWORDS LEAK SQL SELL PASSWORDS DUMP TELEGRAM AND HASH FOR LEAK?!,0
Passwords hash dump sql database passwords database hash dump jabber database contact combo database combo database hash the buy sql contact.,HASH DUMP COMBO DUMP PASSWORDS SQL DUMP!!!,0
Stub botnet fud malware botnet the malware contact rat botnet rat and stub crypter stub rat c2 for fud botnet botnet malware fud jabber buy.,FULLZ TRACK1 TRACK1 JABBER DUMPS TRACK1 BUY TRACK1!!!,0
RDP SHELL RDP BUY VPN VPN VPN ACCESS WEBSHELL SHELL VPN SHELL VPN WEBSHELL VPN ACCESS FOR CONTACT FOR SELL TELEGRAM SHELL CITRIX RDP SHELL?!,Credit sell contact track2 dumps dumps track1 and dumps dumps for dumps buy track2 cvv dumps dumps jabber cvv jabber dumps track1 fullz fullz track1 credit fullz telegram credit credit the track2 dumps dumps fullz and dumps track2 buy.,0
Rce poc the and rce for contact payload rce rce cve exploit payload 0day cve privesc 0day cve privesc buy...,The rce poc poc buy buy poc rce cve 0day rce privesc the poc cve and rce rce telegram rce exploit...,0
THE FOR DUMPS TRACK1 CVV CVV SELL AND!!!,C2 RAT FUD MALWARE FUD AND FOR FUD CRYPTER FUD BOTNET MALWARE JABBER BOTNET THE THE THE THE BOTNET RAT THE STUB CRYPTER C2 CONTACT MALWARE BOTNET RAT BOTNET CRYPTER BOTNET MALWARE?!,0
JABBER STUB C2 AND CRYPTER RAT!!!,STUB FUD RAT FUD RAT CRYPTER CRYPTER RAT FUD STUB BOTNET CRYPTER FUD CRYPTER STUB FUD JABBER C2 THE CRYPTER FOR JABBER STUB BOTNET C2 RAT?!,0
TELEGRAM FOR PAYLOAD PAYLOAD TELEGRAM RCE RCE CVE!!!,Hash passwords hash the combo jabber hash combo jabber dump telegram database dump passwords passwords telegram hash passwords jabber hash the and.,0
COMBO COMBO SQL DUMP LEAK!!!,Shell access citrix citrix telegram and sell access cpanel cpanel rdp shell rdp cpanel citrix citrix jabber shell rdp webshell citrix shell and access jabber rdp...,0
WEBSHELL RDP CITRIX CITRIX SHELL CITRIX AND VPN CPANEL SELL CPANEL SHELL ACCESS JABBER VPN ACCESS RDP CPANEL JABBER CITRIX JABBER?!,Cpanel the shell access cpanel sell rdp and rdp for shell rdp cpanel citrix rdp cpanel cpanel citrix contact jabber rdp for...,0
Passwords for database hash for leak sql leak sql dump and buy buy dump contact dump sql dump combo sql contact.,Poc poc poc and 0day cve payload privesc poc exploit cve exploit telegram sell exploit poc 0day 0day exploit jabber cve rce poc.,0
The botnet crypter c2 crypter telegram telegram sell buy crypter rat stub sell buy and telegram malware rat contact jabber stub rat telegram crypter telegram fud...,PAYLOAD EXPLOIT PAYLOAD RCE EXPLOIT PRIVESC POC BUY CVE POC RCE RCE RCE PRIVESC PRIVESC 0DAY SELL PRIVESC TELEGRAM POC CONTACT POC PAYLOAD PAYLOAD TELEGRAM POC RCE SELL 0DAY PAYLOAD AND CONTACT?!,0
COMBO COMBO SQL DUMP LEAK!!!,For leak combo dump sql dump dump sql sql dump leak dump passwords sql combo hash hash combo combo sell sql for telegram hash dump telegram passwords database hash combo database passwords and telegram the sql passwords.,0
0day buy rce privesc and privesc contact exploit contact 0day sell exploit exploit poc payload exploit exploit payload payload rce for privesc payload payload 0day exploit.,CITRIX THE RDP ACCESS WEBSHELL JABBER ACCESS ACCESS WEBSHELL ACCESS RDP VPN SHELL SELL CPANEL THE CITRIX CITRIX FOR SHELL AND VPN AND VPN SHELL CITRIX WEBSHELL VPN WEBSHELL ACCESS THE CPANEL ACCESS?!,0
Cpanel shell sell cpanel citrix citrix jabber rdp shell buy cpanel cpanel webshell cpanel rdp and access webshell contact jabber cpanel...,Dumps credit track1 fullz telegram telegram cvv sell track1 track2 fullz cvv sell sell for sell contact jabber the track1 telegram credit fullz and credit cvv track1 track2 the credit fullz jabber track1 credit credit track2 track1...,0
Privesc rce rce buy privesc rce payload telegram and cve jabber for poc sell rce telegram contact poc rce payload sell poc.,The for dump the leak telegram dump leak database leak passwords for sql and dump passwords sql database sql database passwords jabber sql the and hash hash sql passwords combo dump passwords and passwords sql contact dump passwords database contact.,0
DUMPS CVV CREDIT TELEGRAM TRACK1 DUMPS FOR CREDIT!!!,Webshell jabber citrix rdp access vpn vpn citrix sell webshell shell the access citrix webshell and sell webshell access vpn jabber shell for vpn vpn shell webshell access rdp citrix vpn rdp rdp sell contact webshell for rdp rdp cpanel.,0
For malware buy c2 telegram botnet buy rat telegram crypter the fud the fud crypter botnet c2 crypter the rat rat stub c2 botnet fud botnet buy jabber rat the malware.,CVV CONTACT CREDIT BUY TELEGRAM FULLZ TRACK2!!!,0
CVE CVE EXPLOIT PRIVESC CONTACT THE PRIVESC!!!,SHELL CONTACT SHELL VPN WEBSHELL RDP CPANEL AND CPANEL SHELL JABBER RDP VPN THE CONTACT CITRIX ACCESS WEBSHELL AND VPN VPN WEBSHELL RDP BUY RDP VPN THE SELL FOR CITRIX RDP ACCESS WEBSHELL WEBSHELL THE RDP VPN AND?!,0
STUB STUB BOTNET STUB BOTNET RAT STUB TELEGRAM!!!,Cve buy poc buy payload sell privesc sell poc poc payload sell 0day poc rce privesc sell exploit poc jabber poc privesc 0day and privesc poc cve contact 0day...,0
0day exploit and 0day rce buy and cve payload sell jabber jabber privesc payload telegram cve cve sell 0day exploit the 0day exploit rce for contact 0day rce 0day for payload rce and jabber poc jabber 0day cve poc cve.,FULLZ AND CREDIT CVV TRACK1 CREDIT TRACK1 TRACK2 FULLZ CVV TRACK1 JABBER FULLZ FULLZ CVV CVV DUMPS TRACK2 CVV SELL TRACK2 DUMPS THE SELL DUMPS FOR FULLZ TRACK2 BUY BUY DUMPS TRACK1 SELL TRACK1 TELEGRAM?!,0
Dumps track1 dumps the track1 cvv track1 sell sell dumps dumps track2 track1 jabber track2 cvv jabber contact track2 jabber cvv the buy.,STUB FUD RAT FUD RAT CRYPTER CRYPTER RAT FUD STUB BOTNET CRYPTER FUD CRYPTER STUB FUD JABBER C2 THE CRYPTER FOR JABBER STUB BOTNET C2 RAT?!,0
CONTACT TELEGRAM TRACK2 TRACK2 CREDIT TRACK1 CVV CVV FULLZ JABBER CONTACT TRACK2 FULLZ CVV FOR THE CVV TRACK2 TELEGRAM FOR THE TELEGRAM TELEGRAM CREDIT SELL TRACK2 CREDIT CONTACT CVV FOR TRACK2?!,For malware buy c2 telegram botnet buy rat telegram crypter the fud the fud crypter botnet c2 crypter the rat rat stub c2 botnet fud botnet buy jabber rat the malware.,0
Shell vpn shell webshell shell cpanel citrix webshell shell citrix webshell citrix buy cpanel cpanel and cpanel webshell cpanel for sell buy...,Stub malware telegram stub stub crypter malware sell c2 botnet c2 telegram jabber botnet jabber jabber crypter telegram sell fud stub rat c2 fud the.,0
WEBSHELL CPANEL RDP AND CPANEL ACCESS CONTACT ACCESS VPN VPN CPANEL ACCESS ACCESS VPN CONTACT RDP WEBSHELL CONTACT CPANEL RDP CITRIX ACCESS ACCESS VPN SHELL CPANEL ACCESS THE CPANEL?!,Telegram fullz track1 for dumps cvv the credit track1 for cvv track2 dumps credit fullz track1 buy dumps credit contact contact sell fullz fullz cvv credit sell track1 and credit track2 jabber cvv credit fullz contact...,0
Contact buy webshell for cpanel vpn access rdp vpn access jabber sell vpn cpanel for sell cpanel cpanel shell for access vpn access shell rdp for webshell shell citrix telegram sell rdp and for webshell...,Poc cve payload rce exploit poc jabber privesc for jabber 0day rce and and for 0day payload rce privesc jabber cve rce rce payload sell poc...,0
Buy botnet stub telegram sell malware and stub for botnet rat c2 c2 the crypter crypter the jabber contact stub c2 malware for sell stub.,For malware malware botnet sell botnet rat fud stub fud rat contact botnet the rat for malware fud for rat fud crypter telegram c2 c2 rat malware crypter for botnet fud fud...,0
Malware rat c2 crypter for malware rat sell and malware crypter fud c2 crypter botnet botnet c2 botnet sell for rat and c2 malware botnet and fud buy.,CVE RCE CONTACT EXPLOIT JABBER PRIVESC SELL 0DAY EXPLOIT PRIVESC PRIVESC POC 0DAY EXPLOIT 0DAY PRIVESC JABBER PAYLOAD CVE PRIVESC RCE POC RCE PAYLOAD EXPLOIT FOR POC CONTACT PAYLOAD EXPLOIT CVE POC POC TELEGRAM EXPLOIT AND PAYLOAD PRIVESC FOR PAYLOAD?!,0
TELEGRAM RCE JABBER POC EXPLOIT THE EXPLOIT CVE SELL POC PRIVESC EXPLOIT EXPLOIT RCE PAYLOAD PAYLOAD PRIVESC BUY PAYLOAD 0DAY CONTACT?!,FOR RCE 0DAY AND POC!!!,0
Poc cve payload rce exploit poc jabber privesc for jabber 0day rce and and for 0day payload rce privesc jabber cve rce rce payload sell poc...,TELEGRAM CVV DUMPS DUMPS AND DUMPS JABBER TRACK1 CREDIT CREDIT SELL DUMPS CREDIT DUMPS TRACK2 TRACK2 TRACK1 FULLZ TRACK1 JABBER TRACK1 CONTACT CVV CVV SELL CONTACT CREDIT?!,0
POC EXPLOIT PAYLOAD RCE CVE 0DAY PAYLOAD CVE EXPLOIT CVE FOR BUY EXPLOIT CVE PAYLOAD PRIVESC PRIVESC PAYLOAD 0DAY SELL PAYLOAD PAYLOAD 0DAY THE PRIVESC EXPLOIT BUY EXPLOIT PRIVESC 0DAY BUY CVE POC AND 0DAY PRIVESC PRIVESC PRIVESC EXPLOIT CVE?!,PRIVESC EXPLOIT SELL TELEGRAM PRIVESC EXPLOIT FOR!!!,0
Crypter and the malware crypter rat stub crypter sell the stub fud stub fud botnet malware c2 fud c2 stub buy fud c2 stub the malware stub stub c2 rat jabber sell rat buy.,VPN RDP RDP SELL SHELL WEBSHELL SHELL CONTACT RDP SELL RDP SELL THE CITRIX CPANEL CPANEL FOR WEBSHELL CPANEL VPN CITRIX CITRIX ACCESS SHELL THE?!,0
SQL THE AND DUMP THE SELL AND!!!,FOR FULLZ CREDIT CVV FOR FULLZ!!!,0
ACCESS CITRIX VPN JABBER ACCESS CITRIX SHELL VPN!!!,Combo leak dump leak the dump database contact combo passwords database passwords leak combo combo leak sql combo sql telegram passwords dump hash combo hash jabber jabber combo leak hash hash sql sell database combo sql dump database.,0
Cve telegram payload cve rce exploit payload for cve poc jabber exploit cve exploit poc cve and cve payload cve privesc the exploit telegram exploit exploit jabber telegram cve poc sell buy 0day cve payload the poc poc...,PAYLOAD PRIVESC SELL POC EXPLOIT POC POC RCE RCE CVE PAYLOAD RCE CVE PAYLOAD 0DAY THE RCE 0DAY RCE 0DAY PAYLOAD RCE EXPLOIT RCE?!,0
0DAY CVE RCE EXPLOIT RCE EXPLOIT TELEGRAM POC!!!,Privesc cve 0day privesc the poc exploit payload privesc exploit exploit cve exploit contact jabber exploit payload for poc cve exploit exploit the 0day 0day the exploit exploit.,0
CREDIT CONTACT DUMPS FULLZ FULLZ CREDIT DUMPS CREDIT FULLZ FULLZ FULLZ CVV TRACK2 FULLZ CREDIT CREDIT TRACK1 TRACK2 DUMPS FOR CVV FULLZ TRACK2 CREDIT CVV THE CVV?!,CVV THE TRACK1 THE TRACK2 CVV TRACK1 TRACK2 TELEGRAM TRACK1 CREDIT TRACK1 CVV TRACK1 CREDIT DUMPS FULLZ CVV TRACK2 TRACK1 THE JABBER FULLZ TRACK1 THE DUMPS SELL DUMPS TRACK2 CREDIT?!,0
Telegram fud fud botnet fud sell malware stub fud for crypter malware crypter rat fud and botnet the crypter rat rat sell malware and c2.,Hash dump buy combo passwords dump buy sell leak combo passwords passwords leak leak dump for telegram database combo hash hash.,0
THE CITRIX CITRIX ACCESS VPN CONTACT CONTACT BUY ACCESS RDP CITRIX AND CITRIX VPN CITRIX CPANEL RDP SHELL WEBSHELL JABBER ACCESS ACCESS VPN CPANEL ACCESS VPN RDP SELL?!,Buy payload privesc buy and sell payload jabber for contact telegram 0day cve sell payload payload 0day and cve poc telegram cve 0day poc rce.,0
Privesc the buy privesc payload exploit buy poc poc 0day payload exploit rce poc jabber contact buy poc payload cve 0day telegram rce...,CVE RCE CONTACT EXPLOIT JABBER PRIVESC SELL 0DAY EXPLOIT PRIVESC PRIVESC POC 0DAY EXPLOIT 0DAY PRIVESC JABBER PAYLOAD CVE PRIVESC RCE POC RCE PAYLOAD EXPLOIT FOR POC CONTACT PAYLOAD EXPLOIT CVE POC POC TELEGRAM EXPLOIT AND PAYLOAD PRIVESC FOR PAYLOAD?!,0
Track2 cvv fullz telegram track2 track1 track1 dumps track1 contact credit track1 credit the dumps credit track1 dumps cvv sell cvv credit...,0day and poc exploit sell cve payload privesc and rce rce contact poc exploit rce for cve privesc exploit payload the payload 0day telegram sell cve cve payload 0day rce.,0
Dumps track1 dumps the track1 cvv track1 sell sell dumps dumps track2 track1 jabber track2 cvv jabber contact track2 jabber cvv the buy.,Leak passwords buy and leak passwords contact sql combo dump dump database sql passwords combo hash combo sell sell leak buy database contact and telegram passwords.,0
RDP BUY WEBSHELL VPN SHELL BUY CONTACT RDP CITRIX VPN FOR SELL CITRIX CONTACT AND RDP WEBSHELL SHELL RDP WEBSHELL ACCESS CONTACT WEBSHELL VPN CITRIX TELEGRAM FOR RDP BUY FOR SHELL?!,Rat rat crypter fud fud malware fud crypter malware crypter crypter telegram crypter crypter rat stub crypter c2 botnet crypter rat rat.,0
Webshell buy jabber vpn vpn the citrix webshell and for vpn citrix citrix citrix vpn the webshell rdp shell citrix...,SELL COMBO BUY DATABASE HASH HASH HASH HASH SQL!!!,0
CVV CVV TRACK1 TRACK1 BUY DUMPS FULLZ FOR CVV FULLZ!!!,SHELL CONTACT SHELL VPN WEBSHELL RDP CPANEL AND CPANEL SHELL JABBER RDP VPN THE CONTACT CITRIX ACCESS WEBSHELL AND VPN VPN WEBSHELL RDP BUY RDP VPN THE SELL FOR CITRIX RDP ACCESS WEBSHELL WEBSHELL THE RDP VPN AND?!,0
The cpanel buy webshell buy rdp access citrix citrix access buy jabber citrix webshell citrix jabber access rdp shell vpn shell rdp contact access citrix access rdp access cpanel jabber citrix cpanel buy webshell contact...,Exploit privesc rce payload payload and rce privesc cve privesc privesc contact and rce privesc privesc contact and and privesc exploit jabber privesc poc contact buy sell exploit exploit rce exploit exploit cve cve exploit cve.,0
Telegram rce privesc exploit poc buy 0day privesc jabber payload privesc cve 0day privesc telegram poc rce payload cve cve exploit rce cve rce exploit payload poc rce cve payload rce rce for telegram cve rce 0day cve for privesc...,Track2 telegram dumps credit track2 jabber track2 dumps fullz contact and track1 the track1 fullz for track2 the dumps dumps buy telegram fullz dumps track2 telegram and dumps track1 fullz.,0
The for dump the leak telegram dump leak database leak passwords for sql and dump passwords sql database sql database passwords jabber sql the and hash hash sql passwords combo dump passwords and passwords sql contact dump passwords database contact.,C2 botnet stub rat rat botnet rat crypter rat crypter buy contact the rat rat malware crypter malware c2 crypter c2 contact c2 rat stub botnet the botnet rat malware sell botnet botnet crypter sell crypter stub.,0
AND FOR DATABASE PASSWORDS SQL HASH DATABASE LEAK SELL FOR DATABASE THE HASH DUMP HASH LEAK DATABASE DUMP DATABASE HASH AND PASSWORDS LEAK SQL SELL PASSWORDS DUMP TELEGRAM AND HASH FOR LEAK?!,CVV CVV TRACK1 TRACK1 BUY DUMPS FULLZ FOR CVV FULLZ!!!,0
Passwords for database hash for leak sql leak sql dump and buy buy dump contact dump sql dump combo sql contact.,CPANEL ACCESS WEBSHELL RDP ACCESS CITRIX JABBER VPN SHELL THE ACCESS JABBER SELL RDP RDP TELEGRAM SELL AND CONTACT CPANEL CPANEL JABBER SHELL WEBSHELL CPANEL RDP CPANEL CITRIX RDP JABBER ACCESS AND?!,0
TRACK2 TRACK2 CVV FULLZ CREDIT CVV CREDIT SELL CVV CREDIT THE DUMPS AND TRACK2 TRACK2 BUY DUMPS CVV CVV DUMPS THE DUMPS FULLZ JABBER FOR DUMPS TRACK2 AND DUMPS TRACK1 TRACK1 DUMPS CONTACT DUMPS?!,The for dump the leak telegram dump leak database leak passwords for sql and dump passwords sql database sql database passwords jabber sql the and hash hash sql passwords combo dump passwords and passwords sql contact dump passwords database contact.,0
FULLZ TRACK1 TRACK1 JABBER DUMPS TRACK1 BUY TRACK1!!!,RDP BUY WEBSHELL VPN SHELL BUY CONTACT RDP CITRIX VPN FOR SELL CITRIX CONTACT AND RDP WEBSHELL SHELL RDP WEBSHELL ACCESS CONTACT WEBSHELL VPN CITRIX TELEGRAM FOR RDP BUY FOR SHELL?!,0
Sell access webshell citrix rdp citrix vpn webshell shell the vpn vpn access webshell vpn telegram access shell cpanel webshell rdp cpanel...,Cpanel citrix cpanel contact citrix access sell webshell citrix webshell webshell rdp the shell rdp shell vpn shell cpanel rdp webshell shell webshell shell webshell rdp webshell access telegram telegram webshell webshell shell the rdp shell and shell access...,0
Access cpanel sell rdp access rdp sell telegram shell contact sell shell cpanel buy shell the citrix cpanel rdp access webshell access access...,Exploit payload exploit cve rce privesc and for payload payload privesc privesc exploit privesc 0day and and 0day for poc 0day poc privesc rce and.,0
Vpn jabber shell citrix jabber vpn vpn rdp vpn webshell sell citrix rdp webshell access shell the shell jabber webshell shell vpn rdp cpanel for telegram citrix rdp webshell...,JABBER CVV TELEGRAM JABBER TRACK1 TRACK1 CREDIT DUMPS FULLZ!!!,0
CREDIT FULLZ TRACK1 THE FOR SELL CVV TRACK1 CVV FOR TELEGRAM CVV SELL AND DUMPS DUMPS SELL CREDIT CVV CONTACT TELEGRAM CREDIT DUMPS CVV TRACK1 CREDIT DUMPS CVV FOR TRACK1 TRACK2?!,For botnet stub c2 jabber sell c2 fud botnet for c2 malware botnet malware fud c2 fud sell and crypter malware c2 crypter rat sell stub...,0
CVV THE TRACK1 THE TRACK2 CVV TRACK1 TRACK2 TELEGRAM TRACK1 CREDIT TRACK1 CVV TRACK1 CREDIT DUMPS FULLZ CVV TRACK2 TRACK1 THE JABBER FULLZ TRACK1 THE DUMPS SELL DUMPS TRACK2 CREDIT?!,Cvv track1 for fullz credit and track2 credit the cvv cvv telegram telegram for telegram jabber cvv fullz track2 track1 telegram fullz cvv contact dumps the track1 fullz fullz.,0
PAYLOAD PRIVESC SELL POC EXPLOIT POC POC RCE RCE CVE PAYLOAD RCE CVE PAYLOAD 0DAY THE RCE 0DAY RCE 0DAY PAYLOAD RCE EXPLOIT RCE?!,Telegram fud fud botnet fud sell malware stub fud for crypter malware crypter rat fud and botnet the crypter rat rat sell malware and c2.,0
Exploit cve 0day cve cve exploit 0day exploit poc exploit exploit sell exploit cve poc rce exploit poc exploit exploit buy rce exploit and contact sell cve for privesc and telegram cve privesc 0day payload payload jabber payload.,Track2 cvv fullz telegram track2 track1 track1 dumps track1 contact credit track1 credit the dumps credit track1 dumps cvv sell cvv credit...,0
For malware buy c2 telegram botnet buy rat telegram crypter the fud the fud crypter botnet c2 crypter the rat rat stub c2 botnet fud botnet buy jabber rat the malware.,CVV BUY TELEGRAM TRACK1 TRACK2 TRACK1 FOR!!!,0
Track1 dumps contact dumps dumps credit cvv and fullz telegram dumps track2 for credit sell dumps for cvv jabber track1 fullz dumps track2 and telegram.,THE LEAK HASH CONTACT HASH LEAK FOR DUMP TELEGRAM CONTACT THE DUMP DATABASE HASH PASSWORDS LEAK COMBO LEAK JABBER THE THE SQL COMBO HASH DUMP COMBO DATABASE DUMP DATABASE AND LEAK PASSWORDS DUMP AND SQL DATABASE HASH?!,0
AND AND WEBSHELL SHELL SHELL BUY TELEGRAM RDP CITRIX CITRIX VPN CPANEL SHELL TELEGRAM CPANEL SELL SHELL CITRIX BUY TELEGRAM WEBSHELL BUY CITRIX CPANEL VPN CPANEL SELL?!,SELL CVE EXPLOIT RCE 0DAY RCE PRIVESC RCE 0DAY 0DAY PRIVESC TELEGRAM CVE BUY POC POC AND RCE POC 0DAY PRIVESC EXPLOIT JABBER POC BUY JABBER CVE 0DAY POC CONTACT SELL THE SELL POC POC RCE AND RCE FOR?!,0
Privesc poc privesc for jabber 0day cve 0day buy the exploit poc exploit payload exploit poc the poc for the telegram cve cve sell rce poc buy 0day privesc for rce...,The database and combo sql jabber dump leak combo hash buy dump combo sql contact combo buy leak database contact combo dump combo and combo combo leak.,0
COMBO COMBO SQL DUMP LEAK!!!,WEBSHELL TELEGRAM CPANEL WEBSHELL WEBSHELL AND CITRIX WEBSHELL WEBSHELL CPANEL BUY CPANEL WEBSHELL AND CITRIX CITRIX ACCESS CPANEL CPANEL RDP CITRIX WEBSHELL SHELL SELL BUY TELEGRAM CITRIX ACCESS BUY JABBER ACCESS CPANEL ACCESS RDP SHELL WEBSHELL?!,0
TELEGRAM COMBO COMBO DATABASE HASH HASH DATABASE DUMP SELL DATABASE DATABASE HASH TELEGRAM CONTACT SQL AND DATABASE BUY CONTACT DATABASE COMBO LEAK DUMP THE SQL THE LEAK LEAK SQL?!,Telegram fullz track1 for dumps cvv the credit track1 for cvv track2 dumps credit fullz track1 buy dumps credit contact contact sell fullz fullz cvv credit sell track1 and credit track2 jabber cvv credit fullz contact...,0
Rce 0day cve jabber contact cve poc payload privesc payload rce poc for payload cve exploit 0day jabber rce the exploit poc exploit for exploit 0day poc exploit cve and...,TRACK2 TRACK2 CVV FULLZ CREDIT CVV CREDIT SELL CVV CREDIT THE DUMPS AND TRACK2 TRACK2 BUY DUMPS CVV CVV DUMPS THE DUMPS FULLZ JABBER FOR DUMPS TRACK2 AND DUMPS TRACK1 TRACK1 DUMPS CONTACT DUMPS?!,0
Rce poc the and rce for contact payload rce rce cve exploit payload 0day cve privesc 0day cve privesc buy...,Shell access citrix webshell sell citrix and vpn shell citrix rdp jabber shell access access access rdp cpanel citrix buy webshell shell shell citrix sell for cpanel for shell shell citrix sell jabber webshell vpn...,0
CREDIT CONTACT DUMPS FULLZ FULLZ CREDIT DUMPS CREDIT FULLZ FULLZ FULLZ CVV TRACK2 FULLZ CREDIT CREDIT TRACK1 TRACK2 DUMPS FOR CVV FULLZ TRACK2 CREDIT CVV THE CVV?!,Telegram jabber exploit poc privesc exploit 0day payload rce payload cve payload poc buy 0day poc rce sell privesc sell exploit...,0
TELEGRAM RCE JABBER POC EXPLOIT THE EXPLOIT CVE SELL POC PRIVESC EXPLOIT EXPLOIT RCE PAYLOAD PAYLOAD PRIVESC BUY PAYLOAD 0DAY CONTACT?!,Poc 0day and contact 0day 0day rce payload payload 0day 0day cve payload jabber privesc rce poc cve poc payload payload exploit cve cve poc.,0
Database leak leak combo sql sql for sql database jabber dump passwords combo telegram dump passwords sql passwords combo leak and.,Rat stub botnet and rat botnet sell the rat the botnet buy fud c2 botnet sell the for rat botnet malware c2 botnet jabber buy fud botnet the stub and rat jabber jabber rat jabber for.,0
Webshell buy jabber vpn vpn the citrix webshell and for vpn citrix citrix citrix vpn the webshell rdp shell citrix...,PASSWORDS AND DUMP BUY SELL BUY HASH!!!,0
PRIVESC EXPLOIT SELL TELEGRAM PRIVESC EXPLOIT FOR!!!,JABBER CREDIT AND JABBER CVV TRACK1 TRACK1 TRACK1 DUMPS TRACK1 TRACK2 TRACK2 FULLZ JABBER SELL TELEGRAM TRACK2 TRACK2 CREDIT CVV DUMPS DUMPS TRACK2 TRACK2 CVV?!,0
SELL CITRIX RDP CPANEL SHELL SELL CPANEL RDP AND SHELL SELL ACCESS BUY SELL CITRIX WEBSHELL RDP RDP SHELL TELEGRAM CITRIX VPN AND SHELL CITRIX RDP CITRIX SHELL WEBSHELL THE VPN ACCESS ACCESS?!,DUMPS CVV CREDIT TELEGRAM TRACK1 DUMPS FOR CREDIT!!!,0
Leak passwords leak leak buy hash leak telegram sql sell hash combo leak passwords combo database sql sql hash database dump combo contact combo combo combo the the sql sql passwords hash dump database dump combo dump combo...,AND CONTACT RAT C2 CRYPTER FUD FOR C2 RAT SELL C2 MALWARE STUB CRYPTER MALWARE FUD BUY TELEGRAM JABBER FUD CRYPTER BOTNET FUD FUD C2 SELL CRYPTER CRYPTER TELEGRAM BOTNET BUY FUD FUD MALWARE FUD STUB C2 FUD?!,0
FULLZ AND JABBER SELL CONTACT THE TELEGRAM TRACK1 CONTACT TRACK2 CVV TRACK2 FULLZ CREDIT TRACK2 CONTACT FULLZ CONTACT CVV TRACK1 DUMPS FULLZ TRACK1 CVV DUMPS DUMPS BUY TELEGRAM SELL TRACK1 JABBER TELEGRAM CONTACT BUY TRACK1 TRACK2 BUY CONTACT TELEGRAM FULLZ?!,Leak passwords leak leak buy hash leak telegram sql sell hash combo leak passwords combo database sql sql hash database dump combo contact combo combo combo the the sql sql passwords hash dump database dump combo dump combo...,0
Telegram for poc poc exploit exploit privesc poc rce rce payload exploit 0day 0day rce privesc rce poc contact 0day exploit poc for for rce...,Database jabber hash telegram hash combo dump combo jabber the sql the telegram hash combo database jabber database hash database hash hash and database and dump contact passwords sql dump leak combo.,0
Sell hash and database buy database dump dump database the hash leak dump sell leak jabber telegram hash combo hash hash buy combo hash hash leak dump.,CREDIT FULLZ BUY CVV TRACK2 TRACK1 CONTACT THE CREDIT CREDIT!!!,0
JABBER STUB C2 AND CRYPTER RAT!!!,Leak passwords leak leak buy hash leak telegram sql sell hash combo leak passwords combo database sql sql hash database dump combo contact combo combo combo the the sql sql passwords hash dump database dump combo dump combo...,0
Fud rat crypter jabber stub buy crypter crypter the crypter for crypter malware malware sell sell and rat fud botnet fud telegram botnet fud rat buy crypter...,Poc poc rce for payload poc cve the rce payload poc rce 0day contact telegram privesc buy payload privesc cve sell cve for.,0
AND SQL DATABASE SQL JABBER SQL DATABASE DUMP THE DATABASE SQL BUY TELEGRAM THE HASH DUMP FOR CONTACT SELL DATABASE THE COMBO CONTACT HASH DUMP PASSWORDS THE PASSWORDS HASH CONTACT DUMP PASSWORDS PASSWORDS?!,Hash passwords hash the combo jabber hash combo jabber dump telegram database dump passwords passwords telegram hash passwords jabber hash the and.,0
Rce 0day cve jabber contact cve poc payload privesc payload rce poc for payload cve exploit 0day jabber rce the exploit poc exploit for exploit 0day poc exploit cve and...,The sell contact payload 0day poc privesc privesc rce jabber payload poc telegram sell cve privesc privesc exploit telegram rce 0day payload the rce the sell for 0day exploit jabber payload...,0
FOR SELL CONTACT FULLZ TELEGRAM FULLZ TRACK2 CREDIT!!!,Webshell vpn citrix citrix rdp telegram access sell webshell rdp access cpanel buy rdp webshell access vpn rdp citrix telegram access the citrix shell cpanel and cpanel jabber webshell and rdp rdp webshell cpanel webshell access access vpn sell...,0
Passwords hash leak combo sql combo contact leak dump passwords passwords passwords sql the the jabber hash combo hash contact buy database combo hash hash combo sql.,Exploit payload exploit cve rce privesc and for payload payload privesc privesc exploit privesc 0day and and 0day for poc 0day poc privesc rce and.,0
Jabber jabber payload privesc poc poc exploit cve rce exploit buy exploit payload rce jabber cve rce and rce 0day privesc the sell 0day cve poc 0day and exploit exploit 0day and.,C2 RAT FUD MALWARE FUD AND FOR FUD CRYPTER FUD BOTNET MALWARE JABBER BOTNET THE THE THE THE BOTNET RAT THE STUB CRYPTER C2 CONTACT MALWARE BOTNET RAT BOTNET CRYPTER BOTNET MALWARE?!,0
COMBO CONTACT THE PASSWORDS CONTACT BUY DATABASE FOR TELEGRAM SQL HASH DUMP COMBO CONTACT LEAK TELEGRAM COMBO COMBO AND PASSWORDS SELL HASH DUMP DATABASE JABBER HASH DATABASE PASSWORDS HASH DUMP DUMP JABBER COMBO LEAK HASH BUY HASH DUMP?!,Privesc poc privesc for jabber 0day cve 0day buy the exploit poc exploit payload exploit poc the poc for the telegram cve cve sell rce poc buy 0day privesc for rce...,0
The sql sql and hash and jabber passwords buy dump passwords database dump database hash telegram combo passwords database the.,MALWARE AND CRYPTER C2 FUD RAT CRYPTER STUB BOTNET RAT STUB MALWARE MALWARE CRYPTER SELL AND MALWARE FUD MALWARE CRYPTER CONTACT MALWARE C2 MALWARE AND FUD BOTNET C2 BOTNET C2?!,0
Webshell webshell webshell vpn citrix sell vpn access access access vpn rdp vpn citrix webshell vpn contact cpanel vpn access sell...,Buy passwords the telegram combo hash for leak database combo contact sql sell hash database sql telegram dump database leak passwords leak database hash combo hash combo combo passwords.,0
Jabber exploit privesc cve exploit payload privesc poc for privesc rce privesc poc privesc payload 0day buy cve 0day poc 0day and cve poc payload exploit exploit buy privesc the jabber buy and payload exploit.,Webshell jabber citrix rdp access vpn vpn citrix sell webshell shell the access citrix webshell and sell webshell access vpn jabber shell for vpn vpn shell webshell access rdp citrix vpn rdp rdp sell contact webshell for rdp rdp cpanel.,0
PAYLOAD PRIVESC 0DAY 0DAY EXPLOIT AND PAYLOAD PAYLOAD EXPLOIT 0DAY JABBER FOR PAYLOAD PRIVESC RCE CVE POC PRIVESC POC THE CVE EXPLOIT PRIVESC THE PAYLOAD EXPLOIT?!,Leak passwords leak leak buy hash leak telegram sql sell hash combo leak passwords combo database sql sql hash database dump combo contact combo combo combo the the sql sql passwords hash dump database dump combo dump combo...,0
Cve privesc buy and for poc exploit payload jabber the and the payload poc and telegram payload 0day payload poc exploit exploit the poc for payload buy contact poc rce cve poc cve rce buy rce rce payload and exploit...,Sql database leak sql sql combo combo and hash buy database contact and leak hash combo buy buy hash combo dump dump database sql passwords passwords jabber the.,0
TRACK2 TRACK2 CVV FULLZ CREDIT CVV CREDIT SELL CVV CREDIT THE DUMPS AND TRACK2 TRACK2 BUY DUMPS CVV CVV DUMPS THE DUMPS FULLZ JABBER FOR DUMPS TRACK2 AND DUMPS TRACK1 TRACK1 DUMPS CONTACT DUMPS?!,Poc contact 0day jabber poc privesc 0day privesc payload exploit cve jabber the the rce rce poc rce and payload telegram privesc poc buy 0day payload sell.,0
STUB FUD RAT FUD RAT CRYPTER CRYPTER RAT FUD STUB BOTNET CRYPTER FUD CRYPTER STUB FUD JABBER C2 THE CRYPTER FOR JABBER STUB BOTNET C2 RAT?!,SQL THE AND DUMP THE SELL AND!!!,0
Dump telegram sql telegram database sql hash passwords passwords leak sql database leak database combo dump passwords buy sql combo passwords contact the passwords sql.,DATABASE AND DATABASE SELL JABBER DATABASE!!!,0
FULLZ AND CREDIT CVV TRACK1 CREDIT TRACK1 TRACK2 FULLZ CVV TRACK1 JABBER FULLZ FULLZ CVV CVV DUMPS TRACK2 CVV SELL TRACK2 DUMPS THE SELL DUMPS FOR FULLZ TRACK2 BUY BUY DUMPS TRACK1 SELL TRACK1 TELEGRAM?!,The cpanel buy webshell buy rdp access citrix citrix access buy jabber citrix webshell citrix jabber access rdp shell vpn shell rdp contact access citrix access rdp access cpanel jabber citrix cpanel buy webshell contact...,0
AND AND WEBSHELL SHELL SHELL BUY TELEGRAM RDP CITRIX CITRIX VPN CPANEL SHELL TELEGRAM CPANEL SELL SHELL CITRIX BUY TELEGRAM WEBSHELL BUY CITRIX CPANEL VPN CPANEL SELL?!,Payload exploit for and 0day cve telegram 0day jabber 0day exploit buy exploit privesc rce payload privesc contact poc 0day poc poc payload privesc and rce jabber telegram and.,0
Fud rat botnet c2 c2 jabber crypter telegram crypter telegram fud crypter sell stub stub jabber rat buy the c2 stub crypter stub crypter botnet jabber fud malware stub c2 sell malware sell fud...,C2 sell c2 fud fud for fud crypter crypter stub rat crypter buy c2 fud malware c2 contact rat sell c2 jabber sell malware crypter c2 stub stub botnet sell and crypter botnet botnet...,0
And poc sell poc exploit sell privesc exploit cve rce cve the 0day cve cve payload cve payload cve exploit cve payload sell 0day.,FUD JABBER BOTNET THE C2 FOR STUB C2 CONTACT CRYPTER RAT BOTNET BOTNET MALWARE STUB FUD BUY AND RAT SELL FOR BUY BOTNET C2 BOTNET STUB CONTACT BUY BOTNET MALWARE BOTNET C2 FUD C2 BOTNET?!,0
Leak sql for for passwords dump sell contact the combo database contact dump dump the database the buy leak hash dump dump hash hash and dump passwords dump leak passwords leak hash passwords passwords sql.,PAYLOAD RCE RCE PAYLOAD CVE BUY PRIVESC EXPLOIT EXPLOIT 0DAY FOR PAYLOAD CVE CVE JABBER POC TELEGRAM JABBER CVE EXPLOIT POC EXPLOIT CVE PAYLOAD TELEGRAM CVE PRIVESC AND EXPLOIT FOR RCE?!,0
Passwords leak dump database database combo combo leak dump passwords sql contact database leak and dump for leak combo database the buy database sell database leak database dump jabber sql the.,Telegram cpanel sell sell rdp rdp citrix cpanel shell access vpn rdp cpanel access vpn the webshell telegram buy sell cpanel rdp for vpn jabber rdp for vpn for webshell vpn webshell vpn access shell rdp webshell...,0
DUMPS JABBER THE TRACK2 JABBER CREDIT CREDIT CREDIT TRACK2 CREDIT TRACK2 DUMPS BUY SELL FOR TRACK2 TRACK2 FULLZ THE DUMPS CVV TELEGRAM FOR CVV FULLZ TELEGRAM FULLZ CREDIT TRACK2 DUMPS?!,PRIVESC EXPLOIT SELL TELEGRAM PRIVESC EXPLOIT FOR!!!,0
PAYLOAD PRIVESC 0DAY 0DAY EXPLOIT AND PAYLOAD PAYLOAD EXPLOIT 0DAY JABBER FOR PAYLOAD PRIVESC RCE CVE POC PRIVESC POC THE CVE EXPLOIT PRIVESC THE PAYLOAD EXPLOIT?!,Sell fullz track1 fullz credit dumps dumps sell dumps track2 credit contact dumps contact fullz dumps track1 sell telegram track2 buy jabber track1 and...,0
Shell access citrix webshell sell citrix and vpn shell citrix rdp jabber shell access access access rdp cpanel citrix buy webshell shell shell citrix sell for cpanel for shell shell citrix sell jabber webshell vpn...,Dumps track1 the sell track1 track1 buy the track1 telegram buy credit credit dumps track1 fullz fullz dumps dumps track2 contact track2 and.,0
RCE POC AND PRIVESC PRIVESC!!!,Passwords sell jabber combo telegram leak database passwords leak combo combo telegram the hash database for combo hash sql for telegram for database dump database passwords leak sql hash contact leak sell the.,0
THE FOR DUMPS TRACK1 CVV CVV SELL AND!!!,CPANEL ACCESS WEBSHELL RDP ACCESS CITRIX JABBER VPN SHELL THE ACCESS JABBER SELL RDP RDP TELEGRAM SELL AND CONTACT CPANEL CPANEL JABBER SHELL WEBSHELL CPANEL RDP CPANEL CITRIX RDP JABBER ACCESS AND?!,0
Cve buy poc buy payload sell privesc sell poc poc payload sell 0day poc rce privesc sell exploit poc jabber poc privesc 0day and privesc poc cve contact 0day...,Stub c2 buy botnet contact telegram contact botnet fud sell stub and telegram botnet rat botnet sell and crypter crypter.,0
Passwords for database hash for leak sql leak sql dump and buy buy dump contact dump sql dump combo sql contact.,Rce 0day poc privesc rce payload cve the 0day poc privesc telegram exploit buy poc rce 0day for exploit the and telegram poc cve privesc contact payload payload rce sell poc exploit privesc.,0
Vpn rdp access jabber webshell webshell and cpanel jabber vpn webshell webshell citrix shell vpn access jabber citrix access sell and cpanel...,Buy privesc and contact cve poc privesc rce poc poc sell exploit buy and rce cve poc privesc buy rce jabber for 0day poc 0day exploit privesc...,0
Database jabber hash telegram hash combo dump combo jabber the sql the telegram hash combo database jabber database hash database hash hash and database and dump contact passwords sql dump leak combo.,For privesc sell exploit buy for cve privesc payload 0day sell privesc cve buy cve privesc poc telegram contact contact payload payload exploit poc payload for exploit exploit jabber payload sell 0day exploit poc rce privesc exploit cve...,0
TELEGRAM RCE JABBER POC EXPLOIT THE EXPLOIT CVE SELL POC PRIVESC EXPLOIT EXPLOIT RCE PAYLOAD PAYLOAD PRIVESC BUY PAYLOAD 0DAY CONTACT?!,SHELL CITRIX ACCESS RDP ACCESS CPANEL ACCESS CONTACT VPN SHELL RDP JABBER SHELL SHELL RDP SHELL CPANEL CPANEL TELEGRAM CONTACT CPANEL ACCESS?!,0
For malware malware botnet sell botnet rat fud stub fud rat contact botnet the rat for malware fud for rat fud crypter telegram c2 c2 rat malware crypter for botnet fud fud...,Combo passwords hash combo hash dump sql contact telegram leak passwords database sql the for sell passwords the database sql dump dump dump jabber combo database combo leak sql.,0
Exploit cve cve payload cve payload jabber cve buy the the exploit sell privesc rce privesc and payload payload telegram rce poc exploit 0day poc poc rce 0day jabber for and 0day privesc 0day contact.,BUY C2 C2 MALWARE C2 CRYPTER BOTNET THE THE RAT FUD BOTNET STUB RAT AND MALWARE CRYPTER C2 STUB RAT STUB AND CRYPTER?!,0
ACCESS CITRIX CPANEL WEBSHELL CPANEL WEBSHELL SELL BUY CPANEL CITRIX CPANEL CPANEL WEBSHELL CITRIX CITRIX VPN WEBSHELL CPANEL VPN SHELL CITRIX RDP RDP?!,FOR PAYLOAD EXPLOIT POC AND BUY CVE PAYLOAD FOR EXPLOIT FOR CONTACT PRIVESC EXPLOIT JABBER CVE POC THE BUY PRIVESC BUY PAYLOAD POC EXPLOIT AND BUY EXPLOIT RCE EXPLOIT TELEGRAM AND?!,0
FOR PAYLOAD EXPLOIT POC AND BUY CVE PAYLOAD FOR EXPLOIT FOR CONTACT PRIVESC EXPLOIT JABBER CVE POC THE BUY PRIVESC BUY PAYLOAD POC EXPLOIT AND BUY EXPLOIT RCE EXPLOIT TELEGRAM AND?!,SELL DATABASE JABBER COMBO COMBO TELEGRAM DATABASE DUMP THE THE BUY PASSWORDS COMBO SELL DUMP LEAK SQL SELL LEAK AND SQL JABBER PASSWORDS BUY COMBO BUY PASSWORDS FOR BUY HASH HASH LEAK SELL?!,0
Sell hash and database buy database dump dump database the hash leak dump sell leak jabber telegram hash combo hash hash buy combo hash hash leak dump.,Fud rat crypter jabber stub buy crypter crypter the crypter for crypter malware malware sell sell and rat fud botnet fud telegram botnet fud rat buy crypter...,0
AND SQL DATABASE SQL JABBER SQL DATABASE DUMP THE DATABASE SQL BUY TELEGRAM THE HASH DUMP FOR CONTACT SELL DATABASE THE COMBO CONTACT HASH DUMP PASSWORDS THE PASSWORDS HASH CONTACT DUMP PASSWORDS PASSWORDS?!,The for dump the leak telegram dump leak database leak passwords for sql and dump passwords sql database sql database passwords jabber sql the and hash hash sql passwords combo dump passwords and passwords sql contact dump passwords database contact.,0
VPN VPN CPANEL WEBSHELL BUY SHELL SHELL VPN CITRIX RDP SELL RDP TELEGRAM WEBSHELL SHELL SHELL TELEGRAM SELL CONTACT FOR?!,Payload 0day cve privesc 0day telegram cve privesc payload the rce payload exploit exploit buy buy payload rce poc poc 0day...,0
SELL COMBO BUY DATABASE HASH HASH HASH HASH SQL!!!,RCE POC BUY CVE EXPLOIT THE AND RCE BUY!!!,0
Dump telegram sql telegram database sql hash passwords passwords leak sql database leak database combo dump passwords buy sql combo passwords contact the passwords sql.,Passwords sell telegram leak sql jabber contact sql hash database combo and the database hash hash database passwords passwords sql buy the hash.,0
COMBO COMBO SQL DUMP LEAK!!!,Rce sell exploit telegram rce payload cve cve poc privesc telegram privesc rce cve 0day 0day and for 0day for poc buy poc privesc payload payload cve poc cve.,0
Crypter botnet fud for stub stub crypter rat the and c2 rat buy crypter buy fud and the crypter c2...,Dumps fullz buy cvv cvv fullz cvv fullz cvv fullz credit track1 track2 cvv and dumps cvv cvv cvv dumps sell for and track2 track2 fullz for cvv.,0
DATABASE AND SELL JABBER COMBO DUMP CONTACT SELL DATABASE SQL!!!,CVV BUY TELEGRAM TRACK1 TRACK2 TRACK1 FOR!!!,0
RCE POC BUY CVE EXPLOIT THE AND RCE BUY!!!,Buy privesc and contact cve poc privesc rce poc poc sell exploit buy and rce cve poc privesc buy rce jabber for 0day poc 0day exploit privesc...,0
RCE POC BUY CVE EXPLOIT THE AND RCE BUY!!!,And access cpanel rdp jabber the vpn citrix access for rdp shell vpn rdp shell citrix vpn telegram cpanel webshell.,0
CONTACT TELEGRAM TRACK2 TRACK2 CREDIT TRACK1 CVV CVV FULLZ JABBER CONTACT TRACK2 FULLZ CVV FOR THE CVV TRACK2 TELEGRAM FOR THE TELEGRAM TELEGRAM CREDIT SELL TRACK2 CREDIT CONTACT CVV FOR TRACK2?!,FULLZ AND CREDIT CVV TRACK1 CREDIT TRACK1 TRACK2 FULLZ CVV TRACK1 JABBER FULLZ FULLZ CVV CVV DUMPS TRACK2 CVV SELL TRACK2 DUMPS THE SELL DUMPS FOR FULLZ TRACK2 BUY BUY DUMPS TRACK1 SELL TRACK1 TELEGRAM?!,0
Privesc the buy privesc payload exploit buy poc poc 0day payload exploit rce poc jabber contact buy poc payload cve 0day telegram rce...,Passwords hash leak combo sql combo contact leak dump passwords passwords passwords sql the the jabber hash combo hash contact buy database combo hash hash combo sql.,0
Cvv and track1 sell fullz and credit track1 credit cvv track1 track2 dumps credit dumps telegram dumps cvv track1 cvv sell credit cvv cvv the telegram cvv credit jabber track2 dumps track2 fullz telegram fullz track2 track2 cvv for for.,CVV DUMPS FULLZ CVV FULLZ CVV BUY CVV AND TRACK2 DUMPS CVV CONTACT JABBER TRACK2 TRACK2 CREDIT SELL DUMPS TRACK2 TRACK2 CVV FOR BUY AND TRACK2 CONTACT TRACK2 BUY CVV CREDIT?!,0
Contact buy webshell for cpanel vpn access rdp vpn access jabber sell vpn cpanel for sell cpanel cpanel shell for access vpn access shell rdp for webshell shell citrix telegram sell rdp and for webshell...,CVV BUY TELEGRAM TRACK1 TRACK2 TRACK1 FOR!!!,0
Buy telegram cvv dumps jabber cvv track2 fullz dumps dumps dumps cvv jabber cvv for track2 telegram contact credit credit dumps dumps credit track1 fullz track1 fullz.,Malware c2 stub stub rat fud contact malware malware fud crypter malware malware crypter fud telegram rat c2 malware sell c2 botnet stub stub.,0
Jabber access for citrix sell rdp buy jabber jabber the vpn access citrix and cpanel contact jabber access rdp buy webshell...,DATABASE SELL DATABASE BUY AND HASH LEAK BUY TELEGRAM SQL DUMP COMBO DUMP PASSWORDS LEAK SQL SQL DATABASE TELEGRAM CONTACT SQL SQL DUMP COMBO HASH BUY PASSWORDS?!,0
Track2 telegram dumps credit track2 jabber track2 dumps fullz contact and track1 the track1 fullz for track2 the dumps dumps buy telegram fullz dumps track2 telegram and dumps track1 fullz.,MALWARE BOTNET BOTNET STUB BOTNET!!!,0
Jabber access for citrix sell rdp buy jabber jabber the vpn access citrix and cpanel contact jabber access rdp buy webshell...,Buy poc poc 0day payload payload 0day rce cve and cve cve exploit buy 0day for privesc payload for and privesc 0day privesc contact payload...,0
Fud rat botnet c2 c2 jabber crypter telegram crypter telegram fud crypter sell stub stub jabber rat buy the c2 stub crypter stub crypter botnet jabber fud malware stub c2 sell malware sell fud...,C2 botnet stub rat rat botnet rat crypter rat crypter buy contact the rat rat malware crypter malware c2 crypter c2 contact c2 rat stub botnet the botnet rat malware sell botnet botnet crypter sell crypter stub.,0
Poc contact 0day jabber poc privesc 0day privesc payload exploit cve jabber the the rce rce poc rce and payload telegram privesc poc buy 0day payload sell.,FULLZ TRACK1 TRACK1 JABBER DUMPS TRACK1 BUY TRACK1!!!,0
JABBER CVV TELEGRAM JABBER TRACK1 TRACK1 CREDIT DUMPS FULLZ!!!,WEBSHELL TELEGRAM CPANEL WEBSHELL WEBSHELL AND CITRIX WEBSHELL WEBSHELL CPANEL BUY CPANEL WEBSHELL AND CITRIX CITRIX ACCESS CPANEL CPANEL RDP CITRIX WEBSHELL SHELL SELL BUY TELEGRAM CITRIX ACCESS BUY JABBER ACCESS CPANEL ACCESS RDP SHELL WEBSHELL?!,0
MALWARE BOTNET BOTNET STUB BOTNET!!!,VPN VPN CPANEL WEBSHELL BUY SHELL SHELL VPN CITRIX RDP SELL RDP TELEGRAM WEBSHELL SHELL SHELL TELEGRAM SELL CONTACT FOR?!,0
For botnet stub c2 jabber sell c2 fud botnet for c2 malware botnet malware fud c2 fud sell and crypter malware c2 crypter rat sell stub...,DATABASE SELL DATABASE BUY AND HASH LEAK BUY TELEGRAM SQL DUMP COMBO DUMP PASSWORDS LEAK SQL SQL DATABASE TELEGRAM CONTACT SQL SQL DUMP COMBO HASH BUY PASSWORDS?!,0
RDP SHELL WEBSHELL THE JABBER CPANEL JABBER CPANEL CONTACT CITRIX TELEGRAM SELL WEBSHELL AND VPN WEBSHELL RDP SHELL CITRIX RDP CONTACT BUY JABBER ACCESS CITRIX CONTACT CPANEL WEBSHELL ACCESS WEBSHELL?!,Access cpanel access sell rdp webshell sell cpanel buy contact webshell citrix the buy telegram access jabber the webshell sell...,0
CREDIT DUMPS DUMPS SELL DUMPS TRACK1 FOR!!!,Telegram rce privesc exploit poc buy 0day privesc jabber payload privesc cve 0day privesc telegram poc rce payload cve cve exploit rce cve rce exploit payload poc rce cve payload rce rce for telegram cve rce 0day cve for privesc...,0
JABBER FOR DUMP AND JABBER DUMP HASH PASSWORDS!!!,RDP SHELL WEBSHELL THE JABBER CPANEL JABBER CPANEL CONTACT CITRIX TELEGRAM SELL WEBSHELL AND VPN WEBSHELL RDP SHELL CITRIX RDP CONTACT BUY JABBER ACCESS CITRIX CONTACT CPANEL WEBSHELL ACCESS WEBSHELL?!,0
RAT JABBER THE FOR STUB BUY CRYPTER RAT!!!,FOR VPN WEBSHELL TELEGRAM SHELL CITRIX THE VPN!!!,0
SELL DATABASE JABBER COMBO COMBO TELEGRAM DATABASE DUMP THE THE BUY PASSWORDS COMBO SELL DUMP LEAK SQL SELL LEAK AND SQL JABBER PASSWORDS BUY COMBO BUY PASSWORDS FOR BUY HASH HASH LEAK SELL?!,CVE EXPLOIT FOR EXPLOIT THE RCE BUY SELL PRIVESC CVE SELL EXPLOIT SELL PAYLOAD 0DAY BUY SELL JABBER CVE PAYLOAD PRIVESC JABBER RCE TELEGRAM PAYLOAD JABBER CVE RCE TELEGRAM EXPLOIT BUY SELL SELL EXPLOIT PAYLOAD CONTACT EXPLOIT PRIVESC CVE?!,0
Privesc poc privesc for jabber 0day cve 0day buy the exploit poc exploit payload exploit poc the poc for the telegram cve cve sell rce poc buy 0day privesc for rce...,Rce 0day cve jabber contact cve poc payload privesc payload rce poc for payload cve exploit 0day jabber rce the exploit poc exploit for exploit 0day poc exploit cve and...,0
Dumps track1 the sell track1 track1 buy the track1 telegram buy credit credit dumps track1 fullz fullz dumps dumps track2 contact track2 and.,ACCESS AND CPANEL VPN SHELL VPN CITRIX WEBSHELL RDP ACCESS THE CPANEL VPN THE VPN RDP ACCESS CPANEL RDP BUY CPANEL?!,0
Buy and privesc and 0day contact buy exploit cve payload and privesc contact 0day 0day exploit and payload sell contact sell exploit privesc jabber payload sell contact payload exploit 0day 0day cve buy cve rce telegram...,Cvv and track1 sell fullz and credit track1 credit cvv track1 track2 dumps credit dumps telegram dumps cvv track1 cvv sell credit cvv cvv the telegram cvv credit jabber track2 dumps track2 fullz telegram fullz track2 track2 cvv for for.,0
AND CONTACT RAT C2 CRYPTER FUD FOR C2 RAT SELL C2 MALWARE STUB CRYPTER MALWARE FUD BUY TELEGRAM JABBER FUD CRYPTER BOTNET FUD FUD C2 SELL CRYPTER CRYPTER TELEGRAM BOTNET BUY FUD FUD MALWARE FUD STUB C2 FUD?!,Malware rat c2 crypter for malware rat sell and malware crypter fud c2 crypter botnet botnet c2 botnet sell for rat and c2 malware botnet and fud buy.,0
For sell leak sql database sell jabber sell combo leak telegram dump sell combo leak passwords sell passwords dump sql passwords telegram dump contact sql and sell passwords database contact dump dump passwords jabber dump sell database database dump.,Combo leak dump leak the dump database contact combo passwords database passwords leak combo combo leak sql combo sql telegram passwords dump hash combo hash jabber jabber combo leak hash hash sql sell database combo sql dump database.,0
Passwords hash leak combo sql combo contact leak dump passwords passwords passwords sql the the jabber hash combo hash contact buy database combo hash hash combo sql.,TELEGRAM FOR PAYLOAD PAYLOAD TELEGRAM RCE RCE CVE!!!,0
Payload 0day cve privesc 0day telegram cve privesc payload the rce payload exploit exploit buy buy payload rce poc poc 0day...,Sql database leak sql sql combo combo and hash buy database contact and leak hash combo buy buy hash combo dump dump database sql passwords passwords jabber the.,0
Exploit cve 0day cve cve exploit 0day exploit poc exploit exploit sell exploit cve poc rce exploit poc exploit exploit buy rce exploit and contact sell cve for privesc and telegram cve privesc 0day payload payload jabber payload.,Webshell shell rdp vpn citrix shell cpanel access the telegram the the vpn sell for rdp vpn for and shell and citrix webshell for jabber rdp vpn rdp shell access sell shell telegram citrix rdp citrix access sell...,0
Webshell vpn citrix citrix rdp telegram access sell webshell rdp access cpanel buy rdp webshell access vpn rdp citrix telegram access the citrix shell cpanel and cpanel jabber webshell and rdp rdp webshell cpanel webshell access access vpn sell...,FOR PAYLOAD EXPLOIT POC AND BUY CVE PAYLOAD FOR EXPLOIT FOR CONTACT PRIVESC EXPLOIT JABBER CVE POC THE BUY PRIVESC BUY PAYLOAD POC EXPLOIT AND BUY EXPLOIT RCE EXPLOIT TELEGRAM AND?!,0
Fud rat botnet c2 c2 jabber crypter telegram crypter telegram fud crypter sell stub stub jabber rat buy the c2 stub crypter stub crypter botnet jabber fud malware stub c2 sell malware sell fud...,Rat sell malware rat c2 c2 botnet the c2 and c2 stub rat telegram stub telegram sell stub and fud botnet rat c2 sell sell the fud jabber botnet malware the fud rat and buy.,0
PASSWORDS DATABASE PASSWORDS DUMP AND THE PASSWORDS SQL TELEGRAM SELL HASH HASH FOR SELL SQL THE COMBO LEAK TELEGRAM COMBO TELEGRAM SQL DUMP SQL HASH DUMP COMBO PASSWORDS LEAK HASH AND BUY LEAK PASSWORDS TELEGRAM TELEGRAM AND SQL?!,WEBSHELL THE RDP FOR FOR CONTACT VPN WEBSHELL SHELL FOR VPN WEBSHELL CONTACT CPANEL CPANEL CPANEL SELL VPN AND CPANEL CITRIX ACCESS CPANEL SELL ACCESS CITRIX CITRIX VPN?!,0
JABBER STUB C2 AND CRYPTER RAT!!!,Vpn jabber shell citrix jabber vpn vpn rdp vpn webshell sell citrix rdp webshell access shell the shell jabber webshell shell vpn rdp cpanel for telegram citrix rdp webshell...,0
TRACK2 CREDIT FOR CVV TRACK1 TRACK1 CONTACT SELL DUMPS DUMPS CONTACT AND TRACK1 THE TRACK1 DUMPS TELEGRAM JABBER DUMPS DUMPS DUMPS THE TRACK1 AND CVV CREDIT FULLZ CREDIT DUMPS AND CREDIT TRACK2 CVV FULLZ THE FULLZ DUMPS CVV FOR FULLZ?!,CONTACT SQL AND DATABASE COMBO DATABASE SQL LEAK LEAK SQL HASH CONTACT FOR DATABASE DUMP COMBO CONTACT SELL JABBER DUMP COMBO HASH COMBO LEAK FOR PASSWORDS SQL LEAK BUY DATABASE DUMP SELL AND COMBO DUMP THE SQL LEAK SELL?!,0
Exploit privesc rce payload payload and rce privesc cve privesc privesc contact and rce privesc privesc contact and and privesc exploit jabber privesc poc contact buy sell exploit exploit rce exploit exploit cve cve exploit cve.,Rce 0day poc privesc rce payload cve the 0day poc privesc telegram exploit buy poc rce 0day for exploit the and telegram poc cve privesc contact payload payload rce sell poc exploit privesc.,0
FULLZ CREDIT BUY DUMPS CVV TELEGRAM FOR FOR!!!,WEBSHELL TELEGRAM CPANEL WEBSHELL WEBSHELL AND CITRIX WEBSHELL WEBSHELL CPANEL BUY CPANEL WEBSHELL AND CITRIX CITRIX ACCESS CPANEL CPANEL RDP CITRIX WEBSHELL SHELL SELL BUY TELEGRAM CITRIX ACCESS BUY JABBER ACCESS CPANEL ACCESS RDP SHELL WEBSHELL?!,0
The and sell dump combo hash database dump hash sql and contact sell database database dump sql dump combo leak database telegram hash leak database passwords leak passwords passwords telegram hash sql combo the hash leak hash.,WEBSHELL CPANEL RDP AND CPANEL ACCESS CONTACT ACCESS VPN VPN CPANEL ACCESS ACCESS VPN CONTACT RDP WEBSHELL CONTACT CPANEL RDP CITRIX ACCESS ACCESS VPN SHELL CPANEL ACCESS THE CPANEL?!,0
SHELL CITRIX ACCESS RDP ACCESS CPANEL ACCESS CONTACT VPN SHELL RDP JABBER SHELL SHELL RDP SHELL CPANEL CPANEL TELEGRAM CONTACT CPANEL ACCESS?!,0day and poc exploit sell cve payload privesc and rce rce contact poc exploit rce for cve privesc exploit payload the payload 0day telegram sell cve cve payload 0day rce.,0
The for dump the leak telegram dump leak database leak passwords for sql and dump passwords sql database sql database passwords jabber sql the and hash hash sql passwords combo dump passwords and passwords sql contact dump passwords database contact.,Track2 fullz sell track2 credit jabber sell fullz dumps track1 track2 the and fullz credit fullz credit fullz credit contact fullz and track2 cvv for fullz cvv track1...,0
Crypter and the malware crypter rat stub crypter sell the stub fud stub fud botnet malware c2 fud c2 stub buy fud c2 stub the malware stub stub c2 rat jabber sell rat buy.,VPN WEBSHELL WEBSHELL ACCESS RDP JABBER WEBSHELL ACCESS RDP CPANEL SELL SHELL CITRIX TELEGRAM JABBER CPANEL CPANEL TELEGRAM RDP SHELL TELEGRAM SHELL CITRIX SHELL?!,0
CITRIX SELL RDP CPANEL SHELL CITRIX AND TELEGRAM WEBSHELL VPN ACCESS ACCESS CPANEL TELEGRAM SHELL ACCESS RDP FOR ACCESS CPANEL JABBER CITRIX WEBSHELL SHELL SHELL?!,CREDIT FULLZ TRACK1 THE FOR SELL CVV TRACK1 CVV FOR TELEGRAM CVV SELL AND DUMPS DUMPS SELL CREDIT CVV CONTACT TELEGRAM CREDIT DUMPS CVV TRACK1 CREDIT DUMPS CVV FOR TRACK1 TRACK2?!,0
TELEGRAM COMBO COMBO DATABASE HASH HASH DATABASE DUMP SELL DATABASE DATABASE HASH TELEGRAM CONTACT SQL AND DATABASE BUY CONTACT DATABASE COMBO LEAK DUMP THE SQL THE LEAK LEAK SQL?!,For malware buy c2 telegram botnet buy rat telegram crypter the fud the fud crypter botnet c2 crypter the rat rat stub c2 botnet fud botnet buy jabber rat the malware.,0
HASH DUMP COMBO DUMP PASSWORDS SQL DUMP!!!,Cpanel the shell access cpanel sell rdp and rdp for shell rdp cpanel citrix rdp cpanel cpanel citrix contact jabber rdp for...,0
For privesc sell exploit buy for cve privesc payload 0day sell privesc cve buy cve privesc poc telegram contact contact payload payload exploit poc payload for exploit exploit jabber payload sell 0day exploit poc rce privesc exploit cve...,WEBSHELL CPANEL RDP AND CPANEL ACCESS CONTACT ACCESS VPN VPN CPANEL ACCESS ACCESS VPN CONTACT RDP WEBSHELL CONTACT CPANEL RDP CITRIX ACCESS ACCESS VPN SHELL CPANEL ACCESS THE CPANEL?!,0
POC EXPLOIT PAYLOAD RCE CVE 0DAY PAYLOAD CVE EXPLOIT CVE FOR BUY EXPLOIT CVE PAYLOAD PRIVESC PRIVESC PAYLOAD 0DAY SELL PAYLOAD PAYLOAD 0DAY THE PRIVESC EXPLOIT BUY EXPLOIT PRIVESC 0DAY BUY CVE POC AND 0DAY PRIVESC PRIVESC PRIVESC EXPLOIT CVE?!,FULLZ SELL THE FULLZ BUY CREDIT TRACK1 AND TRACK2 CREDIT!!!,0
DATABASE THE JABBER COMBO TELEGRAM DUMP HASH!!!,For sell leak sql database sell jabber sell combo leak telegram dump sell combo leak passwords sell passwords dump sql passwords telegram dump contact sql and sell passwords database contact dump dump passwords jabber dump sell database database dump.,0
Webshell cpanel citrix citrix cpanel rdp access vpn citrix citrix citrix access webshell cpanel vpn citrix vpn vpn access rdp sell webshell cpanel webshell...,AND TELEGRAM CONTACT JABBER RAT FUD CRYPTER SELL STUB C2 RAT RAT BOTNET TELEGRAM FOR THE RAT CRYPTER RAT C2?!,0
Fud rat crypter jabber stub buy crypter crypter the crypter for crypter malware malware sell sell and rat fud botnet fud telegram botnet fud rat buy crypter...,COMBO CONTACT THE PASSWORDS CONTACT BUY DATABASE FOR TELEGRAM SQL HASH DUMP COMBO CONTACT LEAK TELEGRAM COMBO COMBO AND PASSWORDS SELL HASH DUMP DATABASE JABBER HASH DATABASE PASSWORDS HASH DUMP DUMP JABBER COMBO LEAK HASH BUY HASH DUMP?!,0
Webshell vpn citrix citrix rdp telegram access sell webshell rdp access cpanel buy rdp webshell access vpn rdp citrix telegram access the citrix shell cpanel and cpanel jabber webshell and rdp rdp webshell cpanel webshell access access vpn sell...,Passwords sell telegram leak sql jabber contact sql hash database combo and the database hash hash database passwords passwords sql buy the hash.,0
DATABASE HASH DATABASE HASH LEAK SQL DATABASE FOR LEAK DUMP DATABASE DUMP LEAK HASH FOR HASH CONTACT TELEGRAM DUMP SQL LEAK PASSWORDS SQL COMBO CONTACT SQL COMBO TELEGRAM HASH JABBER PASSWORDS SELL SELL HASH DATABASE COMBO?!,Poc poc rce for payload poc cve the rce payload poc rce 0day contact telegram privesc buy payload privesc cve sell cve for.,0
Payload 0day cve privesc 0day telegram cve privesc payload the rce payload exploit exploit buy buy payload rce poc poc 0day...,TRACK1 FULLZ AND TRACK2 TRACK1 JABBER DUMPS!!!,0
Passwords sell telegram leak sql jabber contact sql hash database combo and the database hash hash database passwords passwords sql buy the hash.,Cpanel the shell access cpanel sell rdp and rdp for shell rdp cpanel citrix rdp cpanel cpanel citrix contact jabber rdp for...,0
Fud rat botnet c2 c2 jabber crypter telegram crypter telegram fud crypter sell stub stub jabber rat buy the c2 stub crypter stub crypter botnet jabber fud malware stub c2 sell malware sell fud...,Access webshell sell rdp vpn rdp and access and vpn citrix sell citrix shell webshell vpn rdp buy shell vpn vpn...,0
Track1 track1 credit dumps the credit fullz cvv track2 credit cvv dumps track1 credit buy dumps fullz track1 credit jabber cvv track2 track1 track1 track2 contact...,Track2 telegram dumps credit track2 jabber track2 dumps fullz contact and track1 the track1 fullz for track2 the dumps dumps buy telegram fullz dumps track2 telegram and dumps track1 fullz.,0
Database leak leak combo sql sql for sql database jabber dump passwords combo telegram dump passwords sql passwords combo leak and.,Credit sell contact track2 dumps dumps track1 and dumps dumps for dumps buy track2 cvv dumps dumps jabber cvv jabber dumps track1 fullz fullz track1 credit fullz telegram credit credit the track2 dumps dumps fullz and dumps track2 buy.,0
Passwords for database hash for leak sql leak sql dump and buy buy dump contact dump sql dump combo sql contact.,COMBO CONTACT THE PASSWORDS CONTACT BUY DATABASE FOR TELEGRAM SQL HASH DUMP COMBO CONTACT LEAK TELEGRAM COMBO COMBO AND PASSWORDS SELL HASH DUMP DATABASE JABBER HASH DATABASE PASSWORDS HASH DUMP DUMP JABBER COMBO LEAK HASH BUY HASH DUMP?!,0
Cpanel citrix cpanel contact citrix access sell webshell citrix webshell webshell rdp the shell rdp shell vpn shell cpanel rdp webshell shell webshell shell webshell rdp webshell access telegram telegram webshell webshell shell the rdp shell and shell access...,SELL CVE EXPLOIT RCE 0DAY RCE PRIVESC RCE 0DAY 0DAY PRIVESC TELEGRAM CVE BUY POC POC AND RCE POC 0DAY PRIVESC EXPLOIT JABBER POC BUY JABBER CVE 0DAY POC CONTACT SELL THE SELL POC POC RCE AND RCE FOR?!,0
Access cpanel access sell rdp webshell sell cpanel buy contact webshell citrix the buy telegram access jabber the webshell sell...,Hash hash leak and sell contact dump dump the dump sell leak hash combo dump jabber sql database database contact sell leak sql leak database sql hash jabber passwords for.,0
TELEGRAM CVV DUMPS DUMPS AND DUMPS JABBER TRACK1 CREDIT CREDIT SELL DUMPS CREDIT DUMPS TRACK2 TRACK2 TRACK1 FULLZ TRACK1 JABBER TRACK1 CONTACT CVV CVV SELL CONTACT CREDIT?!,CVE TELEGRAM CVE EXPLOIT CONTACT PRIVESC 0DAY 0DAY CVE RCE FOR PAYLOAD PRIVESC CVE PAYLOAD 0DAY RCE THE POC TELEGRAM JABBER POC POC RCE RCE PAYLOAD 0DAY RCE?!,0
Sell hash and database buy database dump dump database the hash leak dump sell leak jabber telegram hash combo hash hash buy combo hash hash leak dump.,DUMPS FOR TRACK1 TELEGRAM JABBER FULLZ DUMPS THE THE CVV DUMPS DUMPS JABBER FULLZ CREDIT SELL CREDIT TELEGRAM AND BUY SELL TELEGRAM CVV FOR CREDIT FULLZ SELL?!,0
Rat rat crypter fud fud malware fud crypter malware crypter crypter telegram crypter crypter rat stub crypter c2 botnet crypter rat rat.,RDP SHELL WEBSHELL THE JABBER CPANEL JABBER CPANEL CONTACT CITRIX TELEGRAM SELL WEBSHELL AND VPN WEBSHELL RDP SHELL CITRIX RDP CONTACT BUY JABBER ACCESS CITRIX CONTACT CPANEL WEBSHELL ACCESS WEBSHELL?!,0
THE CITRIX CITRIX ACCESS VPN CONTACT CONTACT BUY ACCESS RDP CITRIX AND CITRIX VPN CITRIX CPANEL RDP SHELL WEBSHELL JABBER ACCESS ACCESS VPN CPANEL ACCESS VPN RDP SELL?!,CVE TELEGRAM CVE EXPLOIT CONTACT PRIVESC 0DAY 0DAY CVE RCE FOR PAYLOAD PRIVESC CVE PAYLOAD 0DAY RCE THE POC TELEGRAM JABBER POC POC RCE RCE PAYLOAD 0DAY RCE?!,0
Hash hash leak and sell contact dump dump the dump sell leak hash combo dump jabber sql database database contact sell leak sql leak database sql hash jabber passwords for.,POC EXPLOIT PAYLOAD RCE CVE 0DAY PAYLOAD CVE EXPLOIT CVE FOR BUY EXPLOIT CVE PAYLOAD PRIVESC PRIVESC PAYLOAD 0DAY SELL PAYLOAD PAYLOAD 0DAY THE PRIVESC EXPLOIT BUY EXPLOIT PRIVESC 0DAY BUY CVE POC AND 0DAY PRIVESC PRIVESC PRIVESC EXPLOIT CVE?!,0
For botnet stub c2 jabber sell c2 fud botnet for c2 malware botnet malware fud c2 fud sell and crypter malware c2 crypter rat sell stub...,FUD JABBER BOTNET THE C2 FOR STUB C2 CONTACT CRYPTER RAT BOTNET BOTNET MALWARE STUB FUD BUY AND RAT SELL FOR BUY BOTNET C2 BOTNET STUB CONTACT BUY BOTNET MALWARE BOTNET C2 FUD C2 BOTNET?!,0
CONTACT SQL AND DATABASE COMBO DATABASE SQL LEAK LEAK SQL HASH CONTACT FOR DATABASE DUMP COMBO CONTACT SELL JABBER DUMP COMBO HASH COMBO LEAK FOR PASSWORDS SQL LEAK BUY DATABASE DUMP SELL AND COMBO DUMP THE SQL LEAK SELL?!,SHELL CITRIX CONTACT CPANEL WEBSHELL AND CPANEL CITRIX CONTACT CONTACT CPANEL SHELL CITRIX VPN RDP SHELL ACCESS JABBER SHELL WEBSHELL?!,0
Telegram fullz track1 for dumps cvv the credit track1 for cvv track2 dumps credit fullz track1 buy dumps credit contact contact sell fullz fullz cvv credit sell track1 and credit track2 jabber cvv credit fullz contact...,CVE EXPLOIT RCE EXPLOIT BUY POC FOR JABBER FOR PAYLOAD JABBER EXPLOIT EXPLOIT CONTACT 0DAY CVE EXPLOIT CVE PAYLOAD EXPLOIT EXPLOIT RCE JABBER 0DAY FOR PRIVESC POC JABBER PRIVESC POC RCE RCE?!,0
Credit sell contact track2 dumps dumps track1 and dumps dumps for dumps buy track2 cvv dumps dumps jabber cvv jabber dumps track1 fullz fullz track1 credit fullz telegram credit credit the track2 dumps dumps fullz and dumps track2 buy.,STUB FUD RAT FUD RAT CRYPTER CRYPTER RAT FUD STUB BOTNET CRYPTER FUD CRYPTER STUB FUD JABBER C2 THE CRYPTER FOR JABBER STUB BOTNET C2 RAT?!,0
Fud c2 fud stub malware botnet sell botnet c2 rat botnet c2 contact stub rat sell stub c2 rat botnet sell crypter rat fud the fud rat jabber sell rat fud buy c2 rat fud sell botnet malware...,TRACK2 CREDIT FOR CVV TRACK1 TRACK1 CONTACT SELL DUMPS DUMPS CONTACT AND TRACK1 THE TRACK1 DUMPS TELEGRAM JABBER DUMPS DUMPS DUMPS THE TRACK1 AND CVV CREDIT FULLZ CREDIT DUMPS AND CREDIT TRACK2 CVV FULLZ THE FULLZ DUMPS CVV FOR FULLZ?!,0
TELEGRAM RCE JABBER POC EXPLOIT THE EXPLOIT CVE SELL POC PRIVESC EXPLOIT EXPLOIT RCE PAYLOAD PAYLOAD PRIVESC BUY PAYLOAD 0DAY CONTACT?!,FULLZ CREDIT BUY DUMPS CVV TELEGRAM FOR FOR!!!,0
SHELL THE ACCESS SHELL CITRIX VPN JABBER AND CONTACT SELL VPN ACCESS CITRIX BUY CPANEL CPANEL CONTACT TELEGRAM SHELL ACCESS FOR ACCESS TELEGRAM CPANEL SHELL JABBER CPANEL RDP CPANEL CITRIX SHELL RDP CITRIX?!,Crypter botnet botnet botnet c2 stub fud stub rat rat the c2 fud stub malware for c2 crypter malware crypter for rat for c2 buy botnet c2 and contact botnet telegram.,0
VPN WEBSHELL WEBSHELL ACCESS RDP JABBER WEBSHELL ACCESS RDP CPANEL SELL SHELL CITRIX TELEGRAM JABBER CPANEL CPANEL TELEGRAM RDP SHELL TELEGRAM SHELL CITRIX SHELL?!,Hash passwords hash the combo jabber hash combo jabber dump telegram database dump passwords passwords telegram hash passwords jabber hash the and.,0
HASH DUMP COMBO DUMP PASSWORDS SQL DUMP!!!,VPN VPN CPANEL WEBSHELL BUY SHELL SHELL VPN CITRIX RDP SELL RDP TELEGRAM WEBSHELL SHELL SHELL TELEGRAM SELL CONTACT FOR?!,0
RCE POC BUY CVE EXPLOIT THE AND RCE BUY!!!,Leak passwords leak leak buy hash leak telegram sql sell hash combo leak passwords combo database sql sql hash database dump combo contact combo combo combo the the sql sql passwords hash dump database dump combo dump combo...,0
SQL HASH SQL SQL COMBO PASSWORDS SQL DUMP HASH TELEGRAM LEAK COMBO AND FOR COMBO HASH AND DATABASE COMBO DATABASE DATABASE DATABASE JABBER CONTACT PASSWORDS?!,CVV THE TRACK1 THE TRACK2 CVV TRACK1 TRACK2 TELEGRAM TRACK1 CREDIT TRACK1 CVV TRACK1 CREDIT DUMPS FULLZ CVV TRACK2 TRACK1 THE JABBER FULLZ TRACK1 THE DUMPS SELL DUMPS TRACK2 CREDIT?!,0
The and sell dump combo hash database dump hash sql and contact sell database database dump sql dump combo leak database telegram hash leak database passwords leak passwords passwords telegram hash sql combo the hash leak hash.,PAYLOAD CONTACT CONTACT AND RCE CVE JABBER PRIVESC FOR THE PAYLOAD PRIVESC POC PRIVESC PAYLOAD PRIVESC JABBER POC POC BUY AND JABBER PAYLOAD PAYLOAD EXPLOIT CONTACT SELL EXPLOIT CVE POC SELL?!,0
And sell rce cve poc sell payload poc exploit sell 0day jabber rce buy payload sell poc rce exploit 0day poc exploit the rce exploit contact contact buy rce rce payload privesc buy cve exploit and for...,Cpanel access cpanel access access webshell telegram vpn webshell jabber for rdp access shell the contact citrix telegram access access rdp cpanel shell...,0
Fud rat botnet c2 c2 jabber crypter telegram crypter telegram fud crypter sell stub stub jabber rat buy the c2 stub crypter stub crypter botnet jabber fud malware stub c2 sell malware sell fud...,CVE CVE EXPLOIT PRIVESC CONTACT THE PRIVESC!!!,0
Webshell vpn citrix citrix rdp telegram access sell webshell rdp access cpanel buy rdp webshell access vpn rdp citrix telegram access the citrix shell cpanel and cpanel jabber webshell and rdp rdp webshell cpanel webshell access access vpn sell...,Buy telegram buy jabber payload rce exploit and exploit for sell privesc privesc rce contact 0day payload exploit rce sell exploit exploit the and the buy privesc poc buy sell for rce.,0
CREDIT CONTACT DUMPS FULLZ FULLZ CREDIT DUMPS CREDIT FULLZ FULLZ FULLZ CVV TRACK2 FULLZ CREDIT CREDIT TRACK1 TRACK2 DUMPS FOR CVV FULLZ TRACK2 CREDIT CVV THE CVV?!,Fud c2 fud stub malware botnet sell botnet c2 rat botnet c2 contact stub rat sell stub c2 rat botnet sell crypter rat fud the fud rat jabber sell rat fud buy c2 rat fud sell botnet malware...,0
The and sell dump combo hash database dump hash sql and contact sell database database dump sql dump combo leak database telegram hash leak database passwords leak passwords passwords telegram hash sql combo the hash leak hash.,SQL TELEGRAM LEAK FOR HASH JABBER THE SQL DUMP COMBO!!!,0
Jabber exploit privesc cve exploit payload privesc poc for privesc rce privesc poc privesc payload 0day buy cve 0day poc 0day and cve poc payload exploit exploit buy privesc the jabber buy and payload exploit.,JABBER CVV TELEGRAM JABBER TRACK1 TRACK1 CREDIT DUMPS FULLZ!!!,0
SQL DUMP DATABASE DUMP LEAK BUY PASSWORDS COMBO DATABASE CONTACT LEAK SQL DUMP HASH TELEGRAM PASSWORDS CONTACT COMBO CONTACT COMBO COMBO LEAK PASSWORDS PASSWORDS THE TELEGRAM SELL HASH DATABASE DATABASE HASH DATABASE DUMP DATABASE THE COMBO PASSWORDS SQL SQL DUMP?!,FULLZ TRACK2 DUMPS CVV THE DUMPS FULLZ!!!,0
FULLZ TRACK2 DUMPS TRACK1 DUMPS TRACK1 CREDIT FULLZ CVV TRACK1!!!,BOTNET STUB C2 RAT CRYPTER STUB STUB BUY AND!!!,0
Shell vpn shell webshell shell cpanel citrix webshell shell citrix webshell citrix buy cpanel cpanel and cpanel webshell cpanel for sell buy...,PRIVESC SELL EXPLOIT POC AND POC PAYLOAD PRIVESC POC CVE POC EXPLOIT SELL BUY PAYLOAD SELL PAYLOAD AND POC PRIVESC PRIVESC FOR PAYLOAD RCE?!,0
VPN ACCESS SHELL RDP TELEGRAM RDP THE CPANEL ACCESS WEBSHELL RDP WEBSHELL THE CONTACT BUY SHELL CPANEL CONTACT VPN JABBER THE WEBSHELL ACCESS CPANEL CONTACT WEBSHELL WEBSHELL CITRIX THE BUY VPN TELEGRAM RDP?!,Rat stub botnet and rat botnet sell the rat the botnet buy fud c2 botnet sell the for rat botnet malware c2 botnet jabber buy fud botnet the stub and rat jabber jabber rat jabber for.,0
CVV CREDIT TRACK2 TRACK2 CREDIT CREDIT CREDIT THE TRACK1 CREDIT!!!,And track1 buy track1 track2 fullz cvv dumps telegram dumps cvv fullz and jabber the and credit for fullz credit telegram fullz sell for telegram sell track1 cvv track2 fullz telegram cvv track1 and telegram for track1 dumps contact dumps.,0
Payload exploit for and 0day cve telegram 0day jabber 0day exploit buy exploit privesc rce payload privesc contact poc 0day poc poc payload privesc and rce jabber telegram and.,CREDIT CVV CREDIT TRACK2 CVV!!!,0
And cvv dumps track2 fullz credit dumps the buy fullz sell cvv dumps credit the credit track2 telegram fullz fullz fullz contact track1 sell track2 credit.,DUMPS DUMPS DUMPS TRACK2 FULLZ CREDIT FULLZ DUMPS!!!,0
Rat rat crypter fud fud malware fud crypter malware crypter crypter telegram crypter crypter rat stub crypter c2 botnet crypter rat rat.,Cpanel shell sell cpanel citrix citrix jabber rdp shell buy cpanel cpanel webshell cpanel rdp and access webshell contact jabber cpanel...,0
Exploit and privesc 0day exploit jabber rce cve 0day contact sell 0day payload telegram contact privesc cve poc and exploit privesc buy poc cve 0day...,DUMPS DUMPS DUMPS TRACK2 FULLZ CREDIT FULLZ DUMPS!!!,0
Vpn jabber shell citrix jabber vpn vpn rdp vpn webshell sell citrix rdp webshell access shell the shell jabber webshell shell vpn rdp cpanel for telegram citrix rdp webshell...,Stub botnet fud malware botnet the malware contact rat botnet rat and stub crypter stub rat c2 for fud botnet botnet malware fud jabber buy.,0
DATABASE AND DATABASE SELL JABBER DATABASE!!!,PASSWORDS DATABASE PASSWORDS DUMP AND THE PASSWORDS SQL TELEGRAM SELL HASH HASH FOR SELL SQL THE COMBO LEAK TELEGRAM COMBO TELEGRAM SQL DUMP SQL HASH DUMP COMBO PASSWORDS LEAK HASH AND BUY LEAK PASSWORDS TELEGRAM TELEGRAM AND SQL?!,0
Fud rat crypter jabber stub buy crypter crypter the crypter for crypter malware malware sell sell and rat fud botnet fud telegram botnet fud rat buy crypter...,Sell passwords and jabber leak buy telegram hash passwords database hash dump and passwords telegram combo combo passwords database for combo database contact and combo and combo combo leak combo leak the dump sql sql passwords combo.,0
Passwords leak dump database database combo combo leak dump passwords sql contact database leak and dump for leak combo database the buy database sell database leak database dump jabber sql the.,Poc cve payload rce exploit poc jabber privesc for jabber 0day rce and and for 0day payload rce privesc jabber cve rce rce payload sell poc...,0
MALWARE BOTNET BOTNET STUB BOTNET!!!,JABBER TRACK2 CONTACT THE CREDIT DUMPS DUMPS TELEGRAM BUY TELEGRAM!!!,0
PAYLOAD PRIVESC 0DAY 0DAY EXPLOIT AND PAYLOAD PAYLOAD EXPLOIT 0DAY JABBER FOR PAYLOAD PRIVESC RCE CVE POC PRIVESC POC THE CVE EXPLOIT PRIVESC THE PAYLOAD EXPLOIT?!,Shell access citrix webshell sell citrix and vpn shell citrix rdp jabber shell access access access rdp cpanel citrix buy webshell shell shell citrix sell for cpanel for shell shell citrix sell jabber webshell vpn...,0
Sql the database telegram database database passwords hash and database leak dump sql jabber dump passwords leak the telegram sell and hash hash leak passwords hash dump for.,AND TELEGRAM CONTACT JABBER RAT FUD CRYPTER SELL STUB C2 RAT RAT BOTNET TELEGRAM FOR THE RAT CRYPTER RAT C2?!,0
And sell rce cve poc sell payload poc exploit sell 0day jabber rce buy payload sell poc rce exploit 0day poc exploit the rce exploit contact contact buy rce rce payload privesc buy cve exploit and for...,SELL COMBO BUY DATABASE HASH HASH HASH HASH SQL!!!,0
Combo passwords hash combo hash dump sql contact telegram leak passwords database sql the for sell passwords the database sql dump dump dump jabber combo database combo leak sql.,RCE POC BUY CVE EXPLOIT THE AND RCE BUY!!!,0
Rat botnet stub contact crypter crypter jabber fud stub sell sell fud botnet c2 rat crypter jabber rat rat and malware for stub c2 c2 stub c2 botnet crypter crypter stub fud for stub.,0day contact cve buy sell 0day contact 0day and 0day rce cve payload the buy 0day exploit for and exploit cve jabber telegram payload rce exploit exploit and rce cve contact telegram 0day contact exploit rce exploit the buy.,0
And access cpanel rdp jabber the vpn citrix access for rdp shell vpn rdp shell citrix vpn telegram cpanel webshell.,WEBSHELL CPANEL RDP AND CPANEL ACCESS CONTACT ACCESS VPN VPN CPANEL ACCESS ACCESS VPN CONTACT RDP WEBSHELL CONTACT CPANEL RDP CITRIX ACCESS ACCESS VPN SHELL CPANEL ACCESS THE CPANEL?!,0
THE CITRIX CITRIX ACCESS VPN CONTACT CONTACT BUY ACCESS RDP CITRIX AND CITRIX VPN CITRIX CPANEL RDP SHELL WEBSHELL JABBER ACCESS ACCESS VPN CPANEL ACCESS VPN RDP SELL?!,Dump telegram sql and database hash database combo dump combo passwords database dump dump sql combo database telegram passwords sql hash the combo sql contact database the dump sql passwords hash database passwords.,0
0day exploit and 0day rce buy and cve payload sell jabber jabber privesc payload telegram cve cve sell 0day exploit the 0day exploit rce for contact 0day rce 0day for payload rce and jabber poc jabber 0day cve poc cve.,TRACK2 CREDIT FOR CVV TRACK1 TRACK1 CONTACT SELL DUMPS DUMPS CONTACT AND TRACK1 THE TRACK1 DUMPS TELEGRAM JABBER DUMPS DUMPS DUMPS THE TRACK1 AND CVV CREDIT FULLZ CREDIT DUMPS AND CREDIT TRACK2 CVV FULLZ THE FULLZ DUMPS CVV FOR FULLZ?!,0
The rce poc poc buy buy poc rce cve 0day rce privesc the poc cve and rce rce telegram rce exploit...,Buy fud stub rat stub stub rat malware crypter rat malware telegram crypter botnet botnet contact rat c2 botnet botnet c2.,0
